"cow_id","site","calving_date","date_sampled","dim","days_storage","three_contam","contamination"
1264,"D",2019-09-30,2019-10-03,3,11,0,1
1264,"D",2019-09-30,2019-10-08,8,6,0,0
1264,"D",2019-09-30,2019-10-15,15,37,0,0
1264,"D",2019-09-30,2019-10-22,22,30,0,0
1270,"D",2019-09-28,2019-10-03,5,11,0,1
1270,"D",2019-09-28,2019-10-08,10,6,0,0
1270,"D",2019-09-28,2019-10-15,17,37,0,1
1274,"D",2019-08-25,2019-08-27,2,21,0,0
1274,"D",2019-08-25,2019-09-03,9,14,0,0
1274,"D",2019-08-25,2019-09-10,16,7,0,0
1274,"D",2019-08-25,2019-09-17,23,27,0,0
1276,"D",2019-09-28,2019-10-03,5,11,0,1
1276,"D",2019-09-28,2019-10-08,10,6,0,0
1276,"D",2019-09-28,2019-10-15,17,37,0,0
1276,"D",2019-09-28,2019-10-22,24,30,0,0
1278,"D",2019-08-20,2019-08-27,7,21,0,0
1278,"D",2019-08-20,2019-09-03,14,14,0,0
1278,"D",2019-08-20,2019-09-10,21,7,0,0
1278,"D",2019-08-20,2019-09-17,28,27,0,0
1279,"D",2019-08-18,2019-08-20,2,28,0,0
1279,"D",2019-08-18,2019-08-27,9,21,0,1
1279,"D",2019-08-18,2019-09-03,16,14,0,0
1279,"D",2019-08-18,2019-09-10,23,7,0,0
1280,"D",2019-09-11,2019-09-17,6,27,0,1
1280,"D",2019-09-11,2019-09-24,13,20,0,0
1280,"D",2019-09-11,2019-10-03,22,11,0,1
1281,"D",2019-08-10,2019-08-13,3,35,0,0
1281,"D",2019-08-10,2019-08-20,10,28,0,0
1281,"D",2019-08-10,2019-08-27,17,21,0,0
1281,"D",2019-08-10,2019-09-03,24,14,0,0
1282,"D",2019-08-31,2019-09-03,3,14,0,0
1282,"D",2019-08-31,2019-09-10,10,7,0,0
1282,"D",2019-08-31,2019-09-17,17,27,0,0
1282,"D",2019-08-31,2019-09-24,24,20,0,0
1283,"D",2019-09-28,2019-10-03,5,11,0,1
1283,"D",2019-09-28,2019-10-08,10,6,0,1
1283,"D",2019-09-28,2019-10-15,17,37,0,0
1283,"D",2019-09-28,2019-10-22,24,30,0,0
1284,"D",2019-10-11,2019-10-15,4,37,0,0
1284,"D",2019-10-11,2019-10-22,11,30,0,0
1284,"D",2019-10-11,2019-10-29,18,23,0,0
1284,"D",2019-10-11,2019-11-05,25,16,0,0
1285,"D",2019-09-25,2019-10-03,8,11,0,1
1285,"D",2019-09-25,2019-10-08,13,6,0,1
1285,"D",2019-09-25,2019-10-15,20,37,0,0
1285,"D",2019-09-25,2019-10-22,27,30,0,0
1286,"D",2019-09-24,2019-10-03,9,11,0,1
1286,"D",2019-09-24,2019-10-08,14,6,0,0
1286,"D",2019-09-24,2019-10-15,21,37,0,0
1287,"D",2019-09-11,2019-09-17,6,27,0,0
1287,"D",2019-09-11,2019-09-24,13,20,0,0
1287,"D",2019-09-11,2019-10-03,22,11,0,1
1287,"D",2019-09-11,2019-10-08,27,6,0,1
1288,"D",2019-11-21,2019-11-26,5,64,0,0
1288,"D",2019-11-21,2019-12-03,12,57,0,0
1288,"D",2019-11-21,2019-12-10,19,50,0,0
1288,"D",2019-11-21,2019-12-17,26,43,0,0
1289,"D",2019-12-25,2019-12-31,6,29,0,0
1289,"D",2019-12-25,2020-01-07,13,22,0,0
1289,"D",2019-12-25,2020-01-13,19,16,0,0
1289,"D",2019-12-25,2020-01-21,27,8,0,0
1290,"D",2019-11-25,2019-11-26,1,64,0,0
1290,"D",2019-11-25,2019-12-03,8,57,0,0
1290,"D",2019-11-25,2019-12-10,15,50,0,0
1290,"D",2019-11-25,2019-12-17,22,43,0,0
1294,"D",2019-10-08,2019-10-15,7,37,0,0
1294,"D",2019-10-08,2019-10-22,14,30,0,0
1294,"D",2019-10-08,2019-10-29,21,23,0,0
1294,"D",2019-10-08,2019-11-05,28,16,0,1
1295,"D",2019-08-28,2019-09-03,6,14,0,0
1295,"D",2019-08-28,2019-09-10,13,7,1,1
1295,"D",2019-08-28,2019-09-17,20,27,0,0
1295,"D",2019-08-28,2019-09-24,27,20,0,1
1296,"D",2019-09-19,2019-09-24,5,20,0,0
1296,"D",2019-09-19,2019-10-03,14,11,0,1
1296,"D",2019-09-19,2019-10-08,19,6,0,1
1296,"D",2019-09-19,2019-10-15,26,37,0,0
1298,"D",2019-12-27,2019-12-31,4,29,0,0
1298,"D",2019-12-27,2020-01-07,11,22,0,0
1298,"D",2019-12-27,2020-01-13,17,16,1,1
1298,"D",2019-12-27,2020-01-21,25,8,0,0
1299,"D",2019-12-28,2019-12-31,3,29,0,0
1299,"D",2019-12-28,2020-01-07,10,22,0,0
1299,"D",2019-12-28,2020-01-13,16,16,0,0
1299,"D",2019-12-28,2020-01-21,24,8,0,0
1301,"D",2019-12-26,2019-12-31,5,29,0,0
1301,"D",2019-12-26,2020-01-07,12,22,0,0
1301,"D",2019-12-26,2020-01-13,18,16,0,0
1301,"D",2019-12-26,2020-01-21,26,8,0,0
1701,"E",2019-04-09,2019-04-15,6,66,0,0
1701,"E",2019-04-09,2019-04-18,9,63,0,0
1701,"E",2019-04-09,2019-05-01,22,50,1,1
1701,"E",2019-04-09,2019-05-09,30,42,0,1
1702,"E",2019-03-30,2019-04-05,6,76,0,0
1702,"E",2019-03-30,2019-04-15,16,66,0,0
1702,"E",2019-03-30,2019-04-18,19,63,0,0
1702,"E",2019-03-30,2019-05-01,32,50,0,0
1703,"E",2019-03-29,2019-03-29,0,83,0,0
1703,"E",2019-03-29,2019-04-05,7,76,0,1
1703,"E",2019-03-29,2019-04-15,17,66,0,0
1703,"E",2019-03-29,2019-04-18,20,63,0,1
1703,"E",2019-03-29,2019-05-01,33,50,0,0
1704,"E",2019-03-13,2019-03-15,2,97,0,0
1704,"E",2019-03-13,2019-03-21,8,91,0,1
1704,"E",2019-03-13,2019-03-29,16,83,0,0
1704,"E",2019-03-13,2019-04-05,23,76,0,0
1704,"E",2019-03-13,2019-04-15,33,66,0,1
1705,"E",2019-04-01,2019-04-05,4,76,0,0
1705,"E",2019-04-01,2019-04-15,14,66,0,1
1705,"E",2019-04-01,2019-04-18,17,63,0,1
1705,"E",2019-04-01,2019-05-01,30,50,0,0
1706,"E",2019-03-19,2019-03-21,2,91,0,0
1706,"E",2019-03-19,2019-03-29,10,83,0,0
1706,"E",2019-03-19,2019-04-05,17,76,1,1
1706,"E",2019-03-19,2019-04-15,27,66,0,1
1708,"E",2019-03-15,2019-03-15,0,97,0,0
1708,"E",2019-03-15,2019-03-21,6,91,0,1
1708,"E",2019-03-15,2019-03-29,14,83,0,1
1708,"E",2019-03-15,2019-04-05,21,76,0,0
1708,"E",2019-03-15,2019-04-15,31,66,0,1
1709,"E",2019-03-18,2019-03-21,3,91,0,0
1709,"E",2019-03-18,2019-03-29,11,83,0,1
1709,"E",2019-03-18,2019-04-05,18,76,0,0
1709,"E",2019-03-18,2019-04-15,28,66,0,1
1710,"E",2019-04-05,2019-04-15,10,66,1,1
1710,"E",2019-04-05,2019-04-18,13,63,0,1
1710,"E",2019-04-05,2019-05-01,26,50,0,1
1710,"E",2019-04-05,2019-05-09,34,42,0,1
1711,"E",2019-03-19,2019-03-21,2,91,0,1
1711,"E",2019-03-19,2019-03-29,10,83,0,0
1711,"E",2019-03-19,2019-04-05,17,76,0,1
1711,"E",2019-03-19,2019-04-15,27,66,0,1
1713,"E",2019-03-16,2019-03-29,13,83,0,0
1713,"E",2019-03-16,2019-04-05,20,76,0,0
1713,"E",2019-03-16,2019-04-15,30,66,0,0
1714,"E",2019-05-09,2019-05-10,1,41,0,0
1714,"E",2019-05-09,2019-05-16,7,35,0,0
1714,"E",2019-05-09,2019-05-23,14,28,0,0
1714,"E",2019-05-09,2019-05-30,21,21,0,0
1714,"E",2019-05-09,2019-06-06,28,14,0,0
1715,"E",2019-05-14,2019-05-16,2,35,0,0
1715,"E",2019-05-14,2019-05-23,9,28,1,1
1715,"E",2019-05-14,2019-05-30,16,21,0,0
1715,"E",2019-05-14,2019-06-06,23,14,0,0
1715,"E",2019-05-14,2019-06-13,30,7,0,0
1716,"E",2019-05-07,2019-05-10,3,41,0,0
1716,"E",2019-05-07,2019-05-16,9,35,0,0
1716,"E",2019-05-07,2019-05-23,16,28,0,0
1716,"E",2019-05-07,2019-05-30,23,21,0,0
1717,"E",2019-03-12,2019-03-15,3,97,0,1
1717,"E",2019-03-12,2019-03-29,17,83,0,0
1717,"E",2019-03-12,2019-04-05,24,76,0,0
1717,"E",2019-03-12,2019-04-15,34,66,0,1
1718,"E",2019-03-15,2019-03-21,6,91,0,1
1718,"E",2019-03-15,2019-03-29,14,83,0,1
1718,"E",2019-03-15,2019-04-05,21,76,0,1
1718,"E",2019-03-15,2019-04-15,31,66,0,1
1719,"E",2019-04-04,2019-04-05,1,76,0,0
1719,"E",2019-04-04,2019-04-15,11,66,0,0
1719,"E",2019-04-04,2019-04-18,14,63,0,0
1719,"E",2019-04-04,2019-05-02,28,49,0,0
1720,"E",2019-04-01,2019-04-05,4,76,0,0
1720,"E",2019-04-01,2019-04-15,14,66,0,0
1720,"E",2019-04-01,2019-04-18,17,63,0,0
1720,"E",2019-04-01,2019-05-02,31,49,0,0
1721,"E",2019-03-17,2019-03-21,4,91,0,1
1721,"E",2019-03-17,2019-03-29,12,83,0,1
1721,"E",2019-03-17,2019-04-05,19,76,0,0
1721,"E",2019-03-17,2019-04-15,29,66,0,1
1723,"E",2019-04-24,2019-05-02,8,49,0,0
1723,"E",2019-04-24,2019-05-10,16,41,0,0
1723,"E",2019-04-24,2019-05-23,29,28,1,1
1724,"E",2019-03-28,2019-03-29,1,83,0,0
1724,"E",2019-03-28,2019-04-05,8,76,0,0
1724,"E",2019-03-28,2019-04-15,18,66,0,0
1724,"E",2019-03-28,2019-04-18,21,63,0,0
1725,"E",2019-04-24,2019-05-02,8,49,0,0
1725,"E",2019-04-24,2019-05-10,16,41,0,0
1725,"E",2019-04-24,2019-05-16,22,35,0,0
1725,"E",2019-04-24,2019-05-23,29,28,0,0
1727,"E",2019-04-01,2019-04-05,4,76,0,0
1727,"E",2019-04-01,2019-04-15,14,66,0,0
1727,"E",2019-04-01,2019-04-18,17,63,0,0
1727,"E",2019-04-01,2019-05-01,30,50,0,1
1728,"E",2019-05-02,2019-05-10,8,41,0,1
1728,"E",2019-05-02,2019-05-16,14,35,0,1
1728,"E",2019-05-02,2019-05-23,21,28,0,0
1728,"E",2019-05-02,2019-05-30,28,21,0,0
1729,"E",NA,2019-04-18,NA,63,0,0
1730,"E",2019-04-03,2019-04-05,2,76,0,0
1730,"E",2019-04-03,2019-04-15,12,66,0,0
1730,"E",2019-04-03,2019-04-18,15,63,0,0
1730,"E",2019-04-03,2019-05-02,29,49,0,0
1731,"E",2019-04-01,2019-04-05,4,76,0,1
1731,"E",2019-04-01,2019-04-15,14,66,0,0
1731,"E",2019-04-01,2019-04-18,17,63,0,1
1731,"E",2019-04-01,2019-05-01,30,50,0,0
1732,"E",2019-04-05,2019-04-15,10,66,0,0
1732,"E",2019-04-05,2019-04-18,13,63,0,1
1732,"E",2019-04-05,2019-05-01,26,50,0,1
1732,"E",2019-04-05,2019-05-09,34,42,0,1
1733,"E",2019-04-12,2019-04-18,6,63,0,0
1733,"E",2019-04-12,2019-05-02,20,49,0,0
1733,"E",2019-04-12,2019-05-10,28,41,0,0
1733,"E",2019-04-12,2019-05-16,34,35,0,1
1734,"E",2019-03-23,2019-03-29,6,83,0,1
1734,"E",2019-03-23,2019-04-05,13,76,0,0
1734,"E",2019-03-23,2019-04-15,23,66,0,1
1734,"E",2019-03-23,2019-04-18,26,63,0,1
1735,"E",2019-04-28,2019-05-01,3,50,0,0
1735,"E",2019-04-28,2019-05-09,11,42,0,1
1735,"E",2019-04-28,2019-05-16,18,35,0,0
1735,"E",2019-04-28,2019-05-23,25,28,0,1
1736,"E",2019-03-22,2019-03-29,7,83,0,0
1736,"E",2019-03-22,2019-04-05,14,76,1,1
1736,"E",2019-03-22,2019-04-15,24,66,1,1
1736,"E",2019-03-22,2019-04-18,27,63,0,0
1737,"E",2019-04-14,2019-04-18,4,63,0,0
1737,"E",2019-04-14,2019-05-02,18,49,0,0
1737,"E",2019-04-14,2019-05-10,26,41,0,0
1737,"E",2019-04-14,2019-05-16,32,35,0,0
1738,"E",2019-04-25,2019-05-09,14,42,0,1
1738,"E",2019-04-25,2019-05-16,21,35,0,1
1738,"E",2019-04-25,2019-05-23,28,28,0,1
1739,"E",2019-04-09,2019-04-15,6,66,0,0
1739,"E",2019-04-09,2019-04-18,9,63,0,0
1739,"E",2019-04-09,2019-05-02,23,49,0,0
1739,"E",2019-04-09,2019-05-10,31,41,0,0
1740,"E",2019-03-19,2019-03-21,2,91,0,0
1740,"E",2019-03-19,2019-03-29,10,83,1,1
1740,"E",2019-03-19,2019-04-05,17,76,0,0
1740,"E",2019-03-19,2019-04-15,27,66,0,0
1741,"E",2019-04-19,2019-05-01,12,50,0,1
1741,"E",2019-04-19,2019-05-09,20,42,0,1
1741,"E",2019-04-19,2019-05-16,27,35,0,0
1741,"E",2019-04-19,2019-05-23,34,28,0,1
1742,"E",2019-04-03,2019-04-05,2,76,0,0
1742,"E",2019-04-03,2019-04-15,12,66,0,0
1742,"E",2019-04-03,2019-04-18,15,63,0,0
1742,"E",2019-04-03,2019-05-01,28,50,0,0
1743,"E",2019-04-02,2019-04-05,3,76,0,1
1743,"E",2019-04-02,2019-04-15,13,66,0,1
1743,"E",2019-04-02,2019-04-18,16,63,0,1
1743,"E",2019-04-02,2019-05-01,29,50,0,0
1744,"E",2019-04-15,2019-04-18,3,63,0,1
1744,"E",2019-04-15,2019-05-01,16,50,0,0
1744,"E",2019-04-15,2019-05-09,24,42,0,1
1744,"E",2019-04-15,2019-05-16,31,35,0,1
1745,"E",2019-05-02,2019-05-09,7,42,0,1
1745,"E",2019-05-02,2019-05-16,14,35,1,1
1745,"E",2019-05-02,2019-05-23,21,28,0,1
1745,"E",2019-05-02,2019-05-30,28,21,0,0
1747,"E",2019-04-15,2019-04-18,3,63,0,0
1747,"E",2019-04-15,2019-05-02,17,49,0,0
1747,"E",2019-04-15,2019-05-10,25,41,0,1
1747,"E",2019-04-15,2019-05-16,31,35,0,0
1748,"E",2019-04-30,2019-05-02,2,49,0,0
1748,"E",2019-04-30,2019-05-10,10,41,0,0
1748,"E",2019-04-30,2019-05-16,16,35,0,0
1748,"E",2019-04-30,2019-05-23,23,28,1,1
1749,"E",2019-04-06,2019-04-15,9,66,0,0
1749,"E",2019-04-06,2019-04-18,12,63,0,1
1749,"E",2019-04-06,2019-05-01,25,50,0,0
1749,"E",2019-04-06,2019-05-09,33,42,0,1
1750,"E",2019-04-22,2019-05-02,10,49,0,0
1750,"E",2019-04-22,2019-05-10,18,41,0,0
1750,"E",2019-04-22,2019-05-16,24,35,0,0
1750,"E",2019-04-22,2019-05-23,31,28,0,0
1751,"E",2019-05-06,2019-05-16,10,35,0,0
1751,"E",2019-05-06,2019-05-23,17,28,0,1
1751,"E",2019-05-06,2019-05-30,24,21,0,1
1751,"E",2019-05-06,2019-06-06,31,14,0,1
1752,"E",2019-05-13,2019-05-16,3,35,0,1
1752,"E",2019-05-13,2019-05-23,10,28,0,1
1752,"E",2019-05-13,2019-05-30,17,21,0,0
1752,"E",2019-05-13,2019-06-06,24,14,0,0
1753,"E",2019-05-03,2019-05-09,6,42,0,1
1753,"E",2019-05-03,2019-05-16,13,35,0,0
1753,"E",2019-05-03,2019-05-23,20,28,0,0
1753,"E",2019-05-03,2019-05-30,27,21,0,0
1754,"E",2019-04-30,2019-05-02,2,49,0,0
1754,"E",2019-04-30,2019-05-10,10,41,0,1
1754,"E",2019-04-30,2019-05-16,16,35,0,1
1754,"E",2019-04-30,2019-05-23,23,28,0,0
1755,"E",2019-04-23,2019-05-02,9,49,0,0
1755,"E",2019-04-23,2019-05-10,17,41,1,1
1755,"E",2019-04-23,2019-05-16,23,35,0,1
1755,"E",2019-04-23,2019-05-23,30,28,0,0
1756,"E",2019-04-24,2019-05-01,7,50,0,0
1756,"E",2019-04-24,2019-05-09,15,42,0,1
1756,"E",2019-04-24,2019-05-16,22,35,0,1
1756,"E",2019-04-24,2019-05-23,29,28,1,1
1757,"E",2019-05-03,2019-05-09,6,42,0,1
1757,"E",2019-05-03,2019-05-16,13,35,0,1
1757,"E",2019-05-03,2019-05-23,20,28,0,0
1757,"E",2019-05-03,2019-05-30,27,21,0,0
1759,"E",2019-05-14,2019-05-16,2,35,0,1
1759,"E",2019-05-14,2019-05-23,9,28,0,0
1759,"E",2019-05-14,2019-05-30,16,21,0,1
1759,"E",2019-05-14,2019-06-06,23,14,0,0
1760,"E",2019-05-23,2019-05-30,7,21,0,0
1760,"E",2019-05-23,2019-06-06,14,14,0,0
1760,"E",2019-05-23,2019-06-13,21,7,0,0
1760,"E",2019-05-23,2019-06-20,28,0,0,0
1762,"E",2019-05-26,2019-05-30,4,21,0,0
1762,"E",2019-05-26,2019-06-06,11,14,0,0
1762,"E",2019-05-26,2019-06-13,18,7,0,0
1762,"E",2019-05-26,2019-06-20,25,0,0,0
1763,"E",2019-05-19,2019-05-23,4,28,0,1
1763,"E",2019-05-19,2019-05-30,11,21,0,0
1763,"E",2019-05-19,2019-06-06,18,14,0,0
1763,"E",2019-05-19,2019-06-13,25,7,0,0
4732,"C",2019-10-04,2019-10-11,7,32,0,0
4732,"C",2019-10-04,2019-10-18,14,25,0,0
4732,"C",2019-10-04,2019-10-25,21,24,0,1
4732,"C",2019-10-04,2019-11-01,28,25,0,0
4732,"C",2019-10-04,2019-11-08,35,18,0,0
5019,"C",2019-09-30,2019-10-04,4,39,0,1
5019,"C",2019-09-30,2019-10-11,11,32,0,1
5019,"C",2019-09-30,2019-10-18,18,25,0,0
5019,"C",2019-09-30,2019-10-25,25,24,0,1
5019,"C",2019-09-30,2019-11-01,32,17,0,0
5049,"C",2019-10-20,2019-10-25,5,24,0,0
5049,"C",2019-10-20,2019-11-01,12,25,0,0
5049,"C",2019-10-20,2019-11-08,19,18,1,1
5049,"C",2019-10-20,2019-11-15,26,11,0,0
5049,"C",2019-10-20,2019-11-22,33,117,0,0
5052,"C",2019-09-22,2019-09-27,5,46,0,0
5052,"C",2019-09-22,2019-10-04,12,39,0,0
5052,"C",2019-09-22,2019-10-11,19,38,0,0
5052,"C",2019-09-22,2019-10-18,26,25,0,0
5052,"C",2019-09-22,2019-10-25,33,24,0,0
5062,"C",NA,2019-09-27,NA,46,0,0
5129,"C",2019-10-11,2019-10-18,7,31,0,1
5129,"C",2019-10-11,2019-10-25,14,24,1,1
5129,"C",2019-10-11,2019-11-08,28,18,0,0
5129,"C",2019-10-11,2019-11-15,35,11,0,0
5137,"C",NA,2019-10-04,NA,39,0,1
5137,"C",NA,2019-10-11,NA,32,0,0
5137,"C",NA,2019-09-27,NA,46,0,0
5137,"C",NA,2019-10-18,NA,31,0,0
5186,"C",2019-10-14,2019-10-18,4,25,0,0
5186,"C",2019-10-14,2019-11-01,18,25,0,0
5186,"C",2019-10-14,2019-11-08,25,18,0,0
5186,"C",2019-10-14,2019-11-15,32,11,0,0
5193,"C",2019-11-29,2019-12-05,6,77,0,0
5193,"C",2019-11-29,2019-12-20,21,80,0,1
5193,"C",2019-11-29,2019-12-26,27,48,0,0
5193,"C",2019-11-29,2020-01-02,34,41,0,0
5196,"C",NA,2019-12-13,NA,87,0,0
5212,"C",2019-11-18,2019-11-22,4,117,0,0
5212,"C",2019-11-18,2019-11-27,9,77,0,0
5212,"C",2019-11-18,2019-12-05,17,95,0,0
5212,"C",2019-11-18,2019-12-13,25,87,0,0
5212,"C",2019-11-18,2019-12-20,32,80,0,0
5216,"C",2019-10-03,2019-10-04,1,39,0,0
5216,"C",2019-10-03,2019-10-11,8,32,0,0
5216,"C",2019-10-03,2019-10-18,15,25,0,0
5216,"C",2019-10-03,2019-10-25,22,24,0,1
5216,"C",2019-10-03,2019-11-01,29,17,0,0
5223,"C",2019-11-07,2019-11-08,1,18,0,0
5223,"C",2019-11-07,2019-11-15,8,11,0,1
5223,"C",2019-11-07,2019-11-22,15,117,0,0
5223,"C",2019-11-07,2019-11-27,20,103,0,0
5223,"C",2019-11-07,2019-12-05,28,69,0,0
5247,"C",2019-10-21,2019-10-25,4,24,0,1
5247,"C",2019-10-21,2019-11-01,11,25,0,0
5247,"C",2019-10-21,2019-11-08,18,18,0,0
5247,"C",2019-10-21,2019-11-15,25,11,0,0
5247,"C",2019-10-21,2019-11-22,32,117,0,0
5330,"C",NA,2019-12-26,NA,56,0,0
5370,"C",2019-10-19,2019-10-25,6,24,0,0
5370,"C",2019-10-19,2019-11-01,13,17,0,0
5370,"C",2019-10-19,2019-11-08,20,18,0,0
5370,"C",2019-10-19,2019-11-15,27,11,0,0
5370,"C",2019-10-19,2019-11-22,34,117,0,0
5372,"C",NA,2019-11-22,NA,117,0,0
5375,"C",2019-10-30,2019-11-01,2,17,0,1
5375,"C",2019-10-30,2019-11-08,9,18,0,0
5375,"C",2019-10-30,2019-11-15,16,11,0,0
5375,"C",2019-10-30,2019-11-22,23,117,0,0
5375,"C",2019-10-30,2019-11-27,28,103,0,0
5378,"C",NA,2019-11-15,NA,11,0,0
5378,"C",NA,2019-11-08,NA,18,0,0
5378,"C",NA,2019-12-05,NA,69,0,0
5378,"C",NA,2019-11-27,NA,103,0,0
5378,"C",NA,2019-11-22,NA,117,0,0
5381,"C",NA,2019-12-20,NA,54,0,0
5382,"C",2019-12-05,2019-12-13,8,69,0,0
5382,"C",2019-12-05,2019-12-26,21,48,1,1
5382,"C",2019-12-05,2020-01-02,28,67,0,0
5382,"C",2019-12-05,2020-01-09,35,60,0,0
5386,"C",2019-10-10,2019-10-11,1,32,0,0
5386,"C",2019-10-10,2019-10-18,8,25,0,0
5386,"C",2019-10-10,2019-10-25,15,24,0,0
5386,"C",2019-10-10,2019-11-01,22,25,0,0
5386,"C",2019-10-10,2019-11-08,29,18,0,0
5396,"C",NA,2019-12-20,NA,54,0,0
5396,"C",NA,2019-12-26,NA,48,0,0
5396,"C",NA,2019-12-13,NA,61,0,0
5396,"C",NA,2020-01-02,NA,67,0,0
5396,"C",NA,2020-01-09,NA,60,0,0
5419,"C",2019-11-03,2019-11-08,5,18,0,0
5419,"C",2019-11-03,2019-11-15,12,11,0,0
5419,"C",2019-11-03,2019-11-22,19,117,0,0
5419,"C",2019-11-03,2019-11-27,24,103,1,1
5419,"C",2019-11-03,2019-12-05,32,77,0,0
5420,"C",2019-11-27,2019-12-05,8,69,0,0
5420,"C",2019-11-27,2019-12-13,16,87,0,0
5420,"C",2019-11-27,2019-12-20,23,80,0,0
5420,"C",2019-11-27,2019-12-26,29,56,0,0
5420,"C",2019-11-27,2020-01-02,36,41,0,0
5421,"C",2019-10-09,2019-10-11,2,32,0,0
5421,"C",2019-10-09,2019-10-18,9,39,0,0
5421,"C",2019-10-09,2019-10-25,16,24,0,0
5421,"C",2019-10-09,2019-11-01,23,25,0,0
5421,"C",2019-10-09,2019-11-08,30,18,0,0
5423,"C",2019-09-30,2019-10-04,4,39,0,0
5423,"C",2019-09-30,2019-10-11,11,32,0,0
5423,"C",2019-09-30,2019-10-18,18,25,0,1
5423,"C",2019-09-30,2019-10-25,25,24,0,0
5423,"C",2019-09-30,2019-11-01,32,25,0,0
5426,"C",2019-11-01,2019-11-08,7,18,0,0
5426,"C",2019-11-01,2019-11-15,14,11,0,0
5426,"C",2019-11-01,2019-11-22,21,108,0,0
5426,"C",2019-11-01,2019-11-27,26,103,0,0
5426,"C",2019-11-01,2019-12-05,34,69,0,0
5430,"C",2019-09-30,2019-10-01,1,48,0,0
5430,"C",2019-09-30,2019-10-04,4,39,0,0
5430,"C",2019-09-30,2019-10-11,11,32,1,1
5430,"C",2019-09-30,2019-10-18,18,31,0,0
5430,"C",2019-09-30,2019-10-25,25,24,0,0
5431,"C",2019-09-21,2019-09-27,6,46,0,0
5431,"C",2019-09-21,2019-10-04,13,39,0,0
5431,"C",2019-09-21,2019-10-11,20,32,0,0
5431,"C",2019-09-21,2019-10-18,27,117,0,0
5434,"C",2019-09-30,2019-10-04,4,39,0,0
5434,"C",2019-09-30,2019-10-11,11,32,0,0
5434,"C",2019-09-30,2019-10-25,25,24,0,0
5434,"C",2019-09-30,2019-10-28,28,133,0,0
5434,"C",2019-09-30,2019-11-01,32,25,0,0
5435,"C",2019-11-08,2019-11-15,7,11,0,1
5435,"C",2019-11-08,2019-11-22,14,108,0,0
5435,"C",2019-11-08,2019-11-27,19,103,0,0
5435,"C",2019-11-08,2019-12-05,27,95,0,0
5435,"C",2019-11-08,2019-12-13,35,69,0,0
5439,"C",2019-11-18,2019-11-22,4,117,0,0
5439,"C",2019-11-18,2019-11-27,9,103,0,0
5439,"C",2019-11-18,2019-12-05,17,69,0,0
5439,"C",2019-11-18,2019-12-13,25,69,0,0
5439,"C",2019-11-18,2019-12-20,32,54,0,0
5460,"C",2019-10-08,2019-10-11,3,32,0,0
5460,"C",2019-10-08,2019-10-18,10,31,0,0
5460,"C",2019-10-08,2019-10-25,17,24,0,0
5460,"C",2019-10-08,2019-11-01,24,25,0,0
5460,"C",2019-10-08,2019-11-08,31,18,0,0
5470,"C",2019-11-09,2019-11-15,6,11,0,0
5470,"C",2019-11-09,2019-11-22,13,108,0,0
5470,"C",2019-11-09,2019-11-27,18,103,0,0
5470,"C",2019-11-09,2019-12-05,26,77,0,0
5470,"C",2019-11-09,2019-12-13,34,69,0,0
5473,"C",2019-11-25,2019-11-27,2,85,0,0
5478,"C",2019-09-27,2019-10-04,7,39,0,1
5478,"C",2019-09-27,2019-10-11,14,32,0,0
5478,"C",2019-09-27,2019-10-18,21,31,0,0
5478,"C",2019-09-27,2019-10-25,28,24,0,1
5478,"C",2019-09-27,2019-11-01,35,25,0,0
5487,"C",2019-10-12,2019-10-18,6,25,0,0
5487,"C",2019-10-12,2019-11-01,20,25,0,0
5487,"C",2019-10-12,2019-11-15,34,115,0,0
5491,"C",2019-09-30,2019-10-04,4,39,0,0
5491,"C",2019-09-30,2019-10-11,11,32,0,0
5491,"C",2019-09-30,2019-10-18,18,25,0,0
5491,"C",2019-09-30,2019-10-25,25,24,0,0
5491,"C",2019-09-30,2019-11-01,32,17,0,0
5494,"C",2019-10-24,2019-10-25,1,24,0,0
5494,"C",2019-10-24,2019-11-01,8,25,0,0
5494,"C",2019-10-24,2019-11-08,15,18,0,1
5494,"C",2019-10-24,2019-11-15,22,115,0,0
5494,"C",2019-10-24,2019-11-22,29,108,0,0
5495,"C",2019-10-10,2019-10-11,1,32,0,1
5495,"C",2019-10-10,2019-10-18,8,25,0,0
5495,"C",2019-10-10,2019-10-25,15,24,0,0
5495,"C",2019-10-10,2019-11-01,22,25,0,0
5495,"C",2019-10-10,2019-11-08,29,18,0,0
5497,"C",2019-10-01,2019-10-04,3,39,0,0
5497,"C",2019-10-01,2019-10-11,10,32,0,0
5497,"C",2019-10-01,2019-10-18,17,25,0,0
5497,"C",2019-10-01,2019-10-25,24,24,0,1
5497,"C",2019-10-01,2019-11-01,31,25,0,0
5498,"C",2019-09-19,2019-09-27,8,46,0,0
5498,"C",2019-09-19,2019-10-04,15,39,0,0
5498,"C",2019-09-19,2019-10-11,22,32,0,0
5498,"C",2019-09-19,2019-10-18,29,25,0,0
5498,"C",2019-09-19,2019-10-25,36,24,0,0
5499,"C",2019-10-16,2019-10-18,2,31,0,0
5499,"C",2019-10-16,2019-10-25,9,24,0,1
5499,"C",2019-10-16,2019-11-01,16,25,0,0
5499,"C",2019-10-16,2019-11-08,23,18,0,0
5499,"C",2019-10-16,2019-11-15,30,11,0,0
5505,"C",2019-09-26,2019-09-27,1,46,0,0
5505,"C",2019-09-26,2019-10-04,8,39,1,1
5505,"C",2019-09-26,2019-10-11,15,32,0,0
5505,"C",2019-09-26,2019-10-18,22,25,0,0
5505,"C",2019-09-26,2019-10-25,29,24,0,0
5509,"C",2019-11-05,2019-11-08,3,18,0,0
5509,"C",2019-11-05,2019-11-15,10,11,0,0
5509,"C",2019-11-05,2019-11-22,17,117,0,0
5509,"C",2019-11-05,2019-11-27,22,103,0,0
5509,"C",2019-11-05,2019-12-05,30,77,0,1
5510,"C",2019-11-15,2019-11-22,7,108,0,0
5510,"C",2019-11-15,2019-11-27,12,77,0,0
5510,"C",2019-11-15,2019-12-05,20,69,0,0
5510,"C",2019-11-15,2019-12-13,28,69,0,0
5510,"C",2019-11-15,2019-12-20,35,62,0,0
5511,"C",2019-11-05,2019-11-08,3,18,0,0
5511,"C",2019-11-05,2019-11-15,10,11,0,0
5511,"C",2019-11-05,2019-11-22,17,117,0,0
5511,"C",2019-11-05,2019-11-27,22,103,0,0
5511,"C",2019-11-05,2019-12-05,30,95,0,0
5513,"C",2019-10-26,2019-11-01,6,17,0,0
5513,"C",2019-10-26,2019-11-08,13,18,0,0
5513,"C",2019-10-26,2019-11-15,20,11,0,0
5513,"C",2019-10-26,2019-11-22,27,117,0,0
5513,"C",2019-10-26,2019-11-27,32,103,0,0
5515,"C",2019-10-10,2019-10-18,8,31,0,0
5515,"C",2019-10-10,2019-10-25,15,24,0,0
5515,"C",2019-10-10,2019-11-01,22,17,0,0
5515,"C",2019-10-10,2019-11-08,29,18,0,0
5515,"C",2019-10-10,2019-11-15,36,11,0,0
5519,"C",2019-10-05,2019-10-11,6,32,0,0
5519,"C",2019-10-05,2019-10-18,13,31,0,1
5519,"C",2019-10-05,2019-10-25,20,24,0,0
5519,"C",2019-10-05,2019-11-01,27,25,0,1
5519,"C",2019-10-05,2019-11-08,34,18,0,0
5520,"C",2019-10-11,2019-10-18,7,31,0,0
5520,"C",2019-10-11,2019-10-25,14,24,0,0
5520,"C",2019-10-11,2019-11-01,21,25,0,0
5520,"C",2019-10-11,2019-11-08,28,18,0,0
5520,"C",2019-10-11,2019-11-15,35,11,0,0
5521,"C",NA,2019-10-11,NA,32,0,0
5522,"C",2019-10-30,2019-11-01,2,25,0,0
5522,"C",2019-10-30,2019-11-08,9,18,0,1
5522,"C",2019-10-30,2019-11-15,16,11,0,0
5522,"C",2019-10-30,2019-11-22,23,117,0,0
5522,"C",2019-10-30,2019-11-27,28,77,0,0
5527,"C",2019-10-04,2019-10-11,7,32,0,0
5527,"C",2019-10-04,2019-10-18,14,25,0,0
5527,"C",2019-10-04,2019-10-25,21,24,1,1
5527,"C",2019-10-04,2019-11-01,28,17,0,0
5527,"C",2019-10-04,2019-11-08,35,18,1,1
5530,"C",2019-12-01,2019-12-05,4,69,0,0
5530,"C",2019-12-01,2019-12-13,12,69,0,0
5530,"C",2019-12-01,2019-12-20,19,62,0,0
5530,"C",2019-12-01,2020-01-02,32,67,0,0
5531,"C",NA,2019-10-25,NA,24,0,0
5532,"C",2019-09-30,2019-10-04,4,39,0,0
5532,"C",2019-09-30,2019-10-11,11,32,0,0
5532,"C",2019-09-30,2019-10-18,18,25,0,0
5532,"C",2019-09-30,2019-10-25,25,24,0,0
5532,"C",2019-09-30,2019-11-01,32,25,0,0
5535,"C",2019-11-10,2019-11-15,5,11,0,0
5535,"C",2019-11-10,2019-11-22,12,108,0,0
5535,"C",2019-11-10,2019-12-05,25,69,0,0
5535,"C",2019-11-10,2019-12-13,33,69,0,0
5537,"C",2019-10-22,2019-10-25,3,24,0,0
5537,"C",2019-10-22,2019-11-01,10,25,0,0
5537,"C",2019-10-22,2019-11-08,17,18,0,0
5537,"C",2019-10-22,2019-11-15,24,11,0,0
5537,"C",2019-10-22,2019-11-22,31,108,0,0
5541,"C",2019-10-28,2019-11-01,4,17,0,0
5541,"C",2019-10-28,2019-11-08,11,18,0,0
5541,"C",2019-10-28,2019-11-15,18,11,0,0
5541,"C",2019-10-28,2019-11-22,25,117,0,0
5541,"C",2019-10-28,2019-11-27,30,77,0,0
5545,"C",2019-10-01,2019-10-04,3,39,0,1
5545,"C",2019-10-01,2019-10-11,10,32,0,0
5545,"C",2019-10-01,2019-10-18,17,25,0,0
5545,"C",2019-10-01,2019-10-25,24,24,0,0
5545,"C",2019-10-01,2019-11-01,31,25,0,0
5546,"C",2019-11-25,2019-11-27,2,77,0,0
5546,"C",2019-11-25,2019-12-05,10,95,0,0
5546,"C",2019-11-25,2019-12-13,18,61,0,0
5546,"C",2019-11-25,2019-12-20,25,54,0,0
5546,"C",2019-11-25,2019-12-26,31,56,0,0
5549,"C",2019-11-04,2019-11-08,4,18,0,0
5549,"C",2019-11-04,2019-11-15,11,11,0,0
5549,"C",2019-11-04,2019-11-22,18,108,0,0
5549,"C",2019-11-04,2019-11-27,23,103,0,0
5549,"C",2019-11-04,2019-12-05,31,77,0,0
5556,"C",2019-11-06,2019-11-08,2,18,0,0
5556,"C",2019-11-06,2019-11-15,9,11,0,0
5556,"C",2019-11-06,2019-11-22,16,108,0,0
5556,"C",2019-11-06,2019-11-27,21,77,0,0
5556,"C",2019-11-06,2019-12-05,29,95,0,0
5559,"C",2019-10-28,2019-11-01,4,17,0,0
5559,"C",2019-10-28,2019-11-08,11,18,0,0
5559,"C",2019-10-28,2019-11-15,18,11,0,1
5559,"C",2019-10-28,2019-11-22,25,117,0,0
5559,"C",2019-10-28,2019-11-27,30,103,0,0
5562,"C",2019-09-25,2019-10-11,16,32,0,0
5562,"C",2019-09-25,2019-10-18,23,39,0,0
5562,"C",2019-09-25,2019-10-25,30,24,0,0
5563,"C",2019-10-24,2019-10-25,1,24,0,0
5563,"C",2019-10-24,2019-11-01,8,25,0,0
5563,"C",2019-10-24,2019-11-08,15,18,0,0
5563,"C",2019-10-24,2019-11-15,22,11,0,0
5563,"C",2019-10-24,2019-11-22,29,117,0,0
5564,"C",2019-10-15,2019-10-18,3,25,0,0
5564,"C",2019-10-15,2019-10-25,10,24,0,0
5564,"C",2019-10-15,2019-11-01,17,25,0,0
5564,"C",2019-10-15,2019-11-08,24,18,0,0
5566,"C",2019-10-06,2019-10-11,5,32,0,0
5566,"C",2019-10-06,2019-10-18,12,25,0,0
5566,"C",2019-10-06,2019-10-25,19,24,1,1
5566,"C",2019-10-06,2019-11-01,26,25,0,0
5566,"C",2019-10-06,2019-11-08,33,18,0,0
5573,"C",2019-09-26,2019-09-27,1,46,0,0
5573,"C",2019-09-26,2019-10-04,8,39,0,0
5573,"C",2019-09-26,2019-10-11,15,32,0,0
5573,"C",2019-09-26,2019-10-18,22,31,0,0
5573,"C",2019-09-26,2019-10-25,29,24,0,0
5576,"C",2019-11-18,2019-11-22,4,108,0,0
5576,"C",2019-11-18,2019-11-27,9,103,0,0
5576,"C",2019-11-18,2019-12-05,17,69,0,0
5576,"C",2019-11-18,2019-12-13,25,69,0,0
5576,"C",2019-11-18,2019-12-20,32,54,0,0
5582,"C",2019-11-14,2019-11-15,1,11,0,0
5582,"C",2019-11-14,2019-11-22,8,117,0,0
5582,"C",2019-11-14,2019-11-27,13,103,0,0
5582,"C",2019-11-14,2019-12-05,21,69,0,0
5582,"C",2019-11-14,2019-12-13,29,87,0,0
5586,"C",2019-09-28,2019-10-04,6,39,0,0
5586,"C",2019-09-28,2019-10-11,13,32,0,0
5586,"C",2019-09-28,2019-10-18,20,31,0,0
5586,"C",2019-09-28,2019-10-25,27,24,1,1
5586,"C",2019-09-28,2019-11-01,34,25,0,0
5587,"C",NA,2019-11-15,NA,11,0,0
5587,"C",NA,2019-12-05,NA,69,0,0
5587,"C",NA,2019-12-13,NA,87,0,0
5587,"C",NA,2019-11-27,NA,103,0,0
5587,"C",NA,2019-11-22,NA,108,1,1
5593,"C",2019-10-30,2019-11-01,2,17,0,1
5593,"C",2019-10-30,2019-11-08,9,18,0,0
5593,"C",2019-10-30,2019-11-15,16,11,0,0
5593,"C",2019-10-30,2019-11-22,23,108,0,0
5593,"C",2019-10-30,2019-11-27,28,103,0,0
5595,"C",NA,2019-12-13,NA,69,1,1
5596,"C",2019-11-11,2019-11-15,4,11,1,1
5596,"C",2019-11-11,2019-11-22,11,117,0,0
5596,"C",2019-11-11,2019-11-27,16,103,0,0
5596,"C",2019-11-11,2019-12-05,24,95,0,1
5596,"C",2019-11-11,2019-12-13,32,69,0,0
5601,"C",2019-12-03,2019-12-05,2,77,0,0
5601,"C",2019-12-03,2019-12-13,10,61,0,0
5601,"C",2019-12-03,2019-12-20,17,54,0,0
5601,"C",2019-12-03,2019-12-26,23,48,0,0
5601,"C",2019-12-03,2020-01-02,30,41,0,0
5604,"C",2019-11-10,2019-11-15,5,115,0,0
5604,"C",2019-11-10,2019-11-27,17,103,0,0
5604,"C",2019-11-10,2019-12-05,25,69,0,0
5604,"C",2019-11-10,2019-12-13,33,69,0,0
5609,"C",2019-11-05,2019-11-08,3,18,0,0
5609,"C",2019-11-05,2019-11-15,10,11,0,0
5609,"C",2019-11-05,2019-11-22,17,117,0,0
5609,"C",2019-11-05,2019-11-27,22,103,0,0
5609,"C",2019-11-05,2019-12-05,30,69,0,0
5610,"C",2019-11-24,2019-11-27,3,85,0,0
5610,"C",2019-11-24,2019-12-05,11,95,0,0
5610,"C",2019-11-24,2019-12-13,19,87,0,0
5610,"C",2019-11-24,2019-12-26,32,56,0,0
5613,"C",2019-11-08,2019-11-15,7,11,0,1
5613,"C",2019-11-08,2019-11-22,14,108,0,0
5613,"C",2019-11-08,2019-11-27,19,103,0,0
5613,"C",2019-11-08,2019-12-05,27,95,0,0
5613,"C",2019-11-08,2019-12-13,35,69,0,1
5628,"C",2019-10-24,2019-10-25,1,24,0,0
5628,"C",2019-10-24,2019-11-01,8,17,0,0
5628,"C",2019-10-24,2019-11-15,22,11,0,0
5630,"C",2019-11-13,2019-11-15,2,11,0,0
5630,"C",2019-11-13,2019-11-22,9,108,0,0
5630,"C",2019-11-13,2019-11-27,14,103,0,0
5630,"C",2019-11-13,2019-12-05,22,69,0,0
5630,"C",2019-11-13,2019-12-13,30,69,0,0
5632,"C",2019-12-05,2019-12-13,8,69,0,0
5632,"C",2019-12-05,2019-12-20,15,80,1,1
5632,"C",2019-12-05,2019-12-26,21,48,0,0
5632,"C",2019-12-05,2020-01-02,28,67,0,0
5632,"C",2019-12-05,2020-01-09,35,34,0,0
5635,"C",2019-12-11,2019-12-13,2,87,0,0
5635,"C",2019-12-11,2019-12-26,15,56,0,0
5635,"C",2019-12-11,2020-01-02,22,67,0,0
5635,"C",2019-12-11,2020-01-09,29,60,0,0
5647,"C",2019-11-23,2019-11-27,4,85,0,0
5647,"C",2019-11-23,2019-12-05,12,69,0,0
5647,"C",2019-11-23,2019-12-13,20,61,0,0
5647,"C",2019-11-23,2019-12-20,27,54,0,0
5647,"C",2019-11-23,2019-12-26,33,56,0,0
5649,"C",2019-10-24,2019-10-25,1,24,0,0
5649,"C",2019-10-24,2019-11-01,8,25,0,1
5649,"C",2019-10-24,2019-11-08,15,18,0,0
5649,"C",2019-10-24,2019-11-15,22,11,0,0
5649,"C",2019-10-24,2019-11-22,29,117,0,0
5649,"C",2019-10-24,2019-11-27,34,103,0,0
5652,"C",2019-11-03,2019-11-08,5,18,0,0
5652,"C",2019-11-03,2019-11-15,12,11,0,0
5652,"C",2019-11-03,2019-11-22,19,117,0,0
5652,"C",2019-11-03,2019-12-05,32,69,0,0
5654,"C",2019-11-25,2019-11-27,2,85,0,0
5654,"C",2019-11-25,2019-12-05,10,69,0,0
5654,"C",2019-11-25,2019-12-13,18,61,0,0
5654,"C",2019-11-25,2019-12-20,25,80,0,0
5654,"C",2019-11-25,2019-12-26,31,56,0,0
5655,"C",2019-11-01,2019-11-08,7,18,0,0
5655,"C",2019-11-01,2019-11-15,14,11,0,0
5655,"C",2019-11-01,2019-11-22,21,117,0,1
5655,"C",2019-11-01,2019-11-27,26,103,0,0
5655,"C",2019-11-01,2019-12-05,34,69,0,0
5658,"C",2019-12-05,2019-12-13,8,61,0,0
5658,"C",2019-12-05,2019-12-20,15,62,0,0
5658,"C",2019-12-05,2019-12-26,21,74,0,0
5658,"C",2019-12-05,2020-01-02,28,67,0,0
5658,"C",2019-12-05,2020-01-09,35,60,0,0
5663,"C",2019-11-19,2019-11-22,3,117,0,0
5663,"C",2019-11-19,2019-11-27,8,103,0,0
5663,"C",2019-11-19,2019-12-05,16,69,0,0
5663,"C",2019-11-19,2019-12-13,24,69,0,0
5663,"C",2019-11-19,2019-12-20,31,62,0,0
5671,"C",2019-11-27,2019-12-05,8,77,0,0
5671,"C",2019-11-27,2019-12-13,16,87,0,0
5671,"C",2019-11-27,2019-12-20,23,62,0,0
5671,"C",2019-11-27,2019-12-26,29,48,0,0
5671,"C",2019-11-27,2020-01-02,36,41,0,0
5674,"C",2019-11-25,2019-11-27,2,77,0,0
5674,"C",2019-11-25,2019-12-05,10,69,0,0
5674,"C",2019-11-25,2019-12-13,18,87,0,0
5674,"C",2019-11-25,2019-12-20,25,80,0,0
5674,"C",2019-11-25,2019-12-26,31,74,0,0
5681,"C",2019-10-27,2019-11-01,5,25,0,0
5681,"C",2019-10-27,2019-11-08,12,18,0,0
5681,"C",2019-10-27,2019-11-15,19,11,0,0
5681,"C",2019-10-27,2019-11-22,26,117,0,0
5681,"C",2019-10-27,2019-11-27,31,77,0,0
5701,"C",2019-09-25,2019-09-27,2,46,0,0
5701,"C",2019-09-25,2019-10-04,9,39,0,0
5701,"C",2019-09-25,2019-10-11,16,32,0,0
5701,"C",2019-09-25,2019-10-18,23,31,0,0
5701,"C",2019-09-25,2019-10-25,30,24,0,0
5705,"C",2019-12-01,2019-12-05,4,77,0,0
5705,"C",2019-12-01,2019-12-13,12,69,0,0
5705,"C",2019-12-01,2019-12-20,19,54,0,0
5705,"C",2019-12-01,2019-12-26,25,56,0,0
5705,"C",2019-12-01,2020-01-02,32,67,0,0
5718,"C",2019-11-25,2019-11-27,2,103,0,0
5718,"C",2019-11-25,2019-12-05,10,95,0,0
5718,"C",2019-11-25,2019-12-08,13,74,0,0
5718,"C",2019-11-25,2019-12-13,18,61,0,0
5718,"C",2019-11-25,2019-12-20,25,54,0,0
5728,"A",2019-08-15,2019-08-22,7,34,0,0
5728,"A",2019-08-15,2019-08-31,16,25,0,0
5728,"A",2019-08-15,2019-09-07,23,18,0,0
5728,"A",2019-08-15,2019-09-14,30,116,0,0
5729,"C",2019-11-27,2019-12-05,8,69,0,0
5729,"C",2019-11-27,2019-12-13,16,69,0,0
5729,"C",2019-11-27,2019-12-20,23,80,0,0
5729,"C",2019-11-27,2019-12-26,29,56,0,0
5729,"C",2019-11-27,2020-01-02,36,67,0,0
5732,"C",2019-11-17,2019-11-27,10,103,0,0
5732,"C",2019-11-17,2019-12-05,18,69,0,0
5732,"C",2019-11-17,2019-12-13,26,69,0,0
5732,"C",2019-11-17,2019-12-20,33,54,0,0
5738,"C",2019-11-01,2019-11-08,7,18,0,1
5738,"C",2019-11-01,2019-11-15,14,11,0,0
5738,"C",2019-11-01,2019-11-22,21,117,0,0
5738,"C",2019-11-01,2019-11-27,26,103,0,0
5738,"C",2019-11-01,2019-12-05,34,69,0,0
5743,"C",2019-10-31,2019-11-08,8,18,0,0
5743,"C",2019-10-31,2019-11-15,15,11,0,0
5743,"C",2019-10-31,2019-11-22,22,117,0,0
5743,"C",2019-10-31,2019-11-27,27,103,0,0
5747,"C",2019-12-10,2019-12-13,3,87,0,0
5747,"C",2019-12-10,2019-12-20,10,62,0,0
5747,"C",2019-12-10,2019-12-26,16,56,0,0
5747,"C",2019-12-10,2020-01-02,23,67,0,0
5747,"C",2019-12-10,2020-01-09,30,60,0,0
5748,"C",2019-12-10,2019-12-13,3,69,0,0
5748,"C",2019-12-10,2019-12-20,10,62,0,0
5748,"C",2019-12-10,2019-12-26,16,48,0,0
5748,"C",2019-12-10,2020-01-02,23,67,0,0
5748,"C",2019-12-10,2020-01-09,30,60,0,0
5758,"C",2019-11-07,2019-11-08,1,18,0,0
5758,"C",2019-11-07,2019-11-15,8,115,0,0
5758,"C",2019-11-07,2019-11-22,15,117,0,0
5758,"C",2019-11-07,2019-11-27,20,77,0,0
5758,"C",2019-11-07,2019-12-05,28,69,0,0
5767,"C",NA,2020-01-09,NA,34,0,0
5767,"C",NA,2019-12-13,NA,69,1,1
5767,"C",NA,2019-12-20,NA,62,0,1
5767,"C",NA,2019-12-26,NA,74,0,0
5788,"A",NA,2019-08-19,NA,37,0,0
5789,"C",2019-11-23,2019-11-27,4,103,0,0
5789,"C",2019-11-23,2019-12-05,12,69,0,0
5789,"C",2019-11-23,2019-12-13,20,61,0,0
5789,"C",2019-11-23,2019-12-20,27,62,0,0
5789,"C",2019-11-23,2019-12-26,33,48,0,0
5797,"C",2019-10-30,2019-11-01,2,25,0,0
5797,"C",2019-10-30,2019-11-08,9,18,0,0
5797,"C",2019-10-30,2019-11-15,16,11,0,0
5797,"C",2019-10-30,2019-11-22,23,117,0,0
5797,"C",2019-10-30,2019-11-27,28,103,0,0
5798,"A",2019-08-09,2019-08-15,6,41,0,0
5798,"A",2019-08-09,2019-08-31,22,25,0,0
5798,"A",2019-08-09,2019-09-07,29,18,0,1
5800,"C",2019-12-02,2019-12-05,3,69,0,0
5800,"C",2019-12-02,2019-12-13,11,87,0,0
5800,"C",2019-12-02,2019-12-20,18,62,0,0
5800,"C",2019-12-02,2019-12-26,24,56,0,0
5800,"C",2019-12-02,2020-01-02,31,67,0,1
5802,"C",2019-11-20,2019-11-22,2,117,0,0
5802,"C",2019-11-20,2019-11-27,7,103,0,0
5802,"C",2019-11-20,2019-12-05,15,95,0,0
5802,"C",2019-11-20,2019-12-13,23,69,0,0
5802,"C",2019-11-20,2019-12-20,30,54,0,0
5804,"C",2019-11-08,2019-11-15,7,11,0,0
5804,"C",2019-11-08,2019-11-22,14,117,0,0
5804,"C",2019-11-08,2019-11-27,19,103,0,0
5804,"C",2019-11-08,2019-12-05,27,69,0,0
5804,"C",2019-11-08,2019-12-13,35,69,0,0
5806,"C",2019-11-29,2019-12-05,6,77,0,0
5806,"C",2019-11-29,2019-12-13,14,69,0,0
5806,"C",2019-11-29,2019-12-20,21,80,0,0
5806,"C",2019-11-29,2019-12-26,27,56,0,0
5806,"C",2019-11-29,2020-01-02,34,41,0,0
5813,"A",NA,2019-08-19,NA,37,0,0
5814,"A",2019-08-02,2019-08-09,7,47,0,0
5814,"C",2019-11-26,2019-12-05,9,77,0,0
5814,"A",2019-08-02,2019-08-12,10,44,0,0
5814,"A",2019-08-02,2019-08-19,17,37,0,0
5814,"C",2019-11-26,2019-12-13,17,87,0,0
5814,"C",2019-11-26,2019-12-20,24,54,0,0
5814,"A",2019-08-02,2019-08-31,29,25,0,0
5814,"C",2019-11-26,2019-12-26,30,56,0,0
5814,"C",2019-11-26,2020-01-02,37,41,0,0
5816,"C",NA,2019-12-05,NA,69,0,0
5816,"C",NA,2020-01-02,NA,41,0,0
5816,"C",NA,2019-12-26,NA,56,0,0
5816,"C",NA,2019-12-13,NA,87,0,0
5816,"C",NA,2019-12-20,NA,80,0,0
5819,"C",2019-11-19,2019-11-22,3,117,0,0
5819,"C",2019-11-19,2019-11-27,8,77,0,0
5819,"C",2019-11-19,2019-12-05,16,95,0,0
5819,"C",2019-11-19,2019-12-13,24,69,0,0
5819,"C",2019-11-19,2019-12-20,31,54,0,0
5820,"C",2019-11-09,2019-11-15,6,11,0,0
5820,"C",2019-11-09,2019-11-22,13,117,0,0
5820,"C",2019-11-09,2019-11-27,18,77,0,0
5820,"C",2019-11-09,2019-12-05,26,69,0,0
5820,"C",2019-11-09,2019-12-13,34,69,0,0
5822,"C",NA,2019-12-20,NA,62,0,0
5825,"C",2019-11-08,2019-11-22,14,117,0,0
5825,"C",2019-11-08,2019-11-27,19,103,1,1
5825,"C",2019-11-08,2019-12-05,27,69,0,0
5825,"C",2019-11-08,2019-12-13,35,69,0,0
5827,"C",2019-11-20,2019-11-22,2,117,0,0
5827,"C",2019-11-20,2019-11-27,7,103,0,0
5827,"C",2019-11-20,2019-12-05,15,77,0,0
5827,"C",2019-11-20,2019-12-20,30,80,0,0
5829,"C",2019-11-25,2019-11-27,2,103,0,0
5829,"C",2019-11-25,2019-12-05,10,69,0,0
5829,"C",2019-11-25,2019-12-13,18,87,0,0
5829,"C",2019-11-25,2019-12-20,25,62,0,0
5829,"C",2019-11-25,2019-12-26,31,56,0,0
5831,"A",2019-08-06,2019-08-09,3,47,0,0
5831,"A",2019-08-06,2019-08-12,6,44,0,0
5831,"A",2019-08-06,2019-08-31,25,25,0,0
5844,"C",2019-11-03,2019-11-08,5,18,0,0
5844,"C",2019-11-03,2019-11-15,12,11,0,0
5844,"C",2019-11-03,2019-11-22,19,117,0,0
5844,"C",2019-11-03,2019-11-27,24,103,0,0
5844,"C",2019-11-03,2019-12-05,32,69,0,0
5845,"A",2019-07-25,2019-08-01,7,55,0,0
5845,"A",2019-07-25,2019-08-05,11,51,0,0
5845,"A",2019-07-25,2019-08-12,18,44,0,0
5845,"A",2019-07-25,2019-08-19,25,37,0,0
5850,"C",2019-11-12,2019-11-15,3,11,0,0
5850,"C",2019-11-12,2019-11-22,10,108,0,0
5850,"C",2019-11-12,2019-11-27,15,103,0,0
5850,"C",2019-11-12,2019-12-05,23,77,0,0
5850,"C",2019-11-12,2019-12-13,31,61,0,0
5852,"C",2019-11-18,2019-11-22,4,108,0,0
5852,"C",2019-11-18,2019-11-27,9,103,0,0
5852,"C",2019-11-18,2019-12-05,17,69,0,0
5852,"C",2019-11-18,2019-12-13,25,69,0,0
5855,"C",NA,2019-11-15,NA,11,0,0
5857,"C",NA,2019-12-13,NA,61,0,0
5860,"C",2019-12-03,2019-12-05,2,69,0,0
5860,"C",2019-12-03,2019-12-26,23,56,0,0
5860,"C",2019-12-03,2020-01-02,30,67,0,1
5865,"C",2019-11-25,2019-11-27,2,103,0,0
5865,"C",2019-11-25,2019-12-05,10,77,0,0
5865,"C",2019-11-25,2019-12-13,18,69,0,0
5865,"C",2019-11-25,2019-12-20,25,54,0,0
5865,"C",2019-11-25,2019-12-26,31,48,0,0
5895,"C",2019-12-01,2019-12-05,4,69,0,0
5895,"C",2019-12-01,2019-12-20,19,54,0,0
5895,"C",2019-12-01,2019-12-26,25,48,0,0
5895,"C",2019-12-01,2020-01-02,32,67,1,1
8429,"E",2019-04-10,2019-04-15,5,66,0,0
8429,"E",2019-04-10,2019-04-18,8,63,0,0
8429,"E",2019-04-10,2019-05-02,22,49,0,0
8429,"E",2019-04-10,2019-05-10,30,41,0,1
8431,"E",2019-05-25,2019-05-30,5,21,0,0
8431,"E",2019-05-25,2019-06-06,12,14,0,0
8431,"E",2019-05-25,2019-06-13,19,7,0,0
8431,"E",2019-05-25,2019-06-20,26,0,0,0
8433,"E",2019-03-28,2019-03-29,1,83,0,0
8433,"E",2019-03-28,2019-04-05,8,76,0,0
8433,"E",2019-03-28,2019-04-15,18,66,0,0
8433,"E",2019-03-28,2019-04-18,21,63,0,0
8438,"E",2019-05-05,2019-05-10,5,41,0,0
8438,"E",2019-05-05,2019-05-16,11,35,0,1
8438,"E",2019-05-05,2019-05-23,18,28,0,0
8438,"E",2019-05-05,2019-05-30,25,21,0,0
8439,"E",2019-04-17,2019-04-18,1,63,0,1
8439,"E",2019-04-17,2019-05-02,15,49,0,1
8439,"E",2019-04-17,2019-05-10,23,41,0,0
8439,"E",2019-04-17,2019-05-16,29,35,0,0
8439,"E",2019-04-17,2019-05-23,36,28,0,0
8440,"E",2019-03-28,2019-03-29,1,83,0,0
8440,"E",2019-03-28,2019-04-05,8,76,0,0
8440,"E",2019-03-28,2019-04-15,18,66,0,0
8440,"E",2019-03-28,2019-04-18,21,63,0,0
8441,"E",2019-04-06,2019-04-15,9,66,0,0
8441,"E",2019-04-06,2019-04-18,12,63,0,0
8441,"E",2019-04-06,2019-05-01,25,50,0,1
8441,"E",2019-04-06,2019-05-09,33,42,0,1
8443,"E",2019-03-22,2019-03-29,7,83,0,1
8443,"E",2019-03-22,2019-04-05,14,76,0,1
8443,"E",2019-03-22,2019-04-15,24,66,0,0
8444,"E",2019-03-23,2019-03-29,6,83,0,0
8444,"E",2019-03-23,2019-04-05,13,76,0,1
8444,"E",2019-03-23,2019-04-15,23,66,0,1
8444,"E",2019-03-23,2019-04-18,26,63,0,0
9400,"A",NA,2019-09-06,NA,19,0,0
16118,"E",2019-03-30,2019-04-05,6,76,0,1
16118,"E",2019-03-30,2019-04-15,16,66,0,0
16118,"E",2019-03-30,2019-04-18,19,63,0,0
16118,"E",2019-03-30,2019-05-02,33,49,0,0
22879,"B",2019-05-16,2019-05-30,14,33,0,0
22879,"B",2019-05-16,2019-06-03,18,136,0,0
22879,"B",2019-05-16,2019-06-13,28,126,0,0
22879,"B",2019-05-16,2019-06-19,34,120,0,0
22961,"B",2019-06-04,2019-06-06,2,67,0,0
22961,"B",2019-06-04,2019-06-10,6,129,0,0
22961,"B",2019-06-04,2019-06-24,20,115,0,0
22961,"B",2019-06-04,2019-07-01,27,108,0,0
22962,"B",2019-03-31,2019-04-04,4,57,0,0
22962,"B",2019-03-31,2019-04-10,10,51,0,0
22962,"B",2019-03-31,2019-04-19,19,42,0,0
22962,"B",2019-03-31,2019-04-23,23,38,0,0
22962,"B",2019-03-31,2019-04-29,29,32,0,0
22965,"B",NA,2019-06-17,NA,122,0,0
22999,"B",2019-04-22,2019-04-23,1,38,0,0
22999,"B",2019-04-22,2019-05-02,10,61,0,0
22999,"B",2019-04-22,2019-05-09,17,95,0,0
22999,"B",2019-04-22,2019-05-16,24,47,0,0
22999,"B",2019-04-22,2019-05-23,31,40,0,0
23025,"B",2019-04-03,2019-04-04,1,57,0,0
23025,"B",2019-04-03,2019-04-10,7,51,0,0
23025,"B",2019-04-03,2019-04-19,16,42,0,0
23025,"B",2019-04-03,2019-04-23,20,38,0,0
23025,"B",2019-04-03,2019-04-29,26,38,0,0
23035,"B",NA,2019-07-01,NA,108,0,0
23043,"B",2019-04-23,2019-04-29,6,38,0,0
23043,"B",2019-04-23,2019-05-04,11,33,0,0
23043,"B",2019-04-23,2019-05-13,20,24,0,0
23043,"B",2019-04-23,2019-05-20,27,43,0,0
23043,"B",2019-04-23,2019-05-27,34,44,0,0
23062,"B",2019-05-24,2019-05-27,3,77,0,0
23062,"B",2019-05-24,2019-06-03,10,70,0,0
23062,"B",2019-05-24,2019-06-10,17,63,0,0
23062,"B",2019-05-24,2019-06-17,24,122,0,0
23062,"B",2019-05-24,2019-06-24,31,115,0,0
23081,"B",2019-05-06,2019-05-06,0,31,0,0
23081,"B",2019-05-06,2019-05-13,7,24,0,0
23081,"B",2019-05-06,2019-05-20,14,84,0,0
23081,"B",2019-05-06,2019-05-27,21,36,0,0
23084,"B",NA,2019-06-03,NA,70,0,0
23097,"B",2019-06-02,2019-06-03,1,70,0,0
23097,"B",2019-06-02,2019-06-10,8,63,1,1
23097,"B",2019-06-02,2019-06-17,15,122,0,0
23097,"B",2019-06-02,2019-06-24,22,115,0,0
23100,"B",2019-05-30,2019-06-03,4,136,0,0
23100,"B",2019-05-30,2019-06-10,11,129,0,0
23100,"B",2019-05-30,2019-06-17,18,122,0,0
23100,"B",2019-05-30,2019-06-24,25,115,0,0
23100,"B",2019-05-30,2019-07-01,32,108,0,0
23111,"B",2019-05-25,2019-05-27,2,36,0,0
23111,"B",2019-05-25,2019-06-06,12,67,0,0
23111,"B",2019-05-25,2019-06-13,19,126,0,0
23111,"B",2019-05-25,2019-06-19,25,120,0,0
23111,"B",2019-05-25,2019-06-26,32,76,0,0
23144,"B",2019-04-26,2019-04-29,3,38,0,0
23144,"B",2019-04-26,2019-05-06,10,31,0,0
23144,"B",2019-04-26,2019-05-13,17,24,0,0
23144,"B",2019-04-26,2019-05-20,24,51,0,0
23144,"B",2019-04-26,2019-05-27,31,44,0,0
23147,"B",2019-06-01,2019-06-09,8,130,1,1
23147,"B",2019-06-01,2019-06-10,9,63,0,0
23147,"B",2019-06-01,2019-06-17,16,122,0,0
23155,"B",2019-06-11,2019-06-17,6,122,0,0
23155,"B",2019-06-11,2019-06-24,13,115,0,0
23155,"B",2019-06-11,2019-07-01,20,108,0,0
23155,"B",2019-06-11,2019-07-08,27,64,0,0
23155,"B",2019-06-11,2019-07-15,34,57,0,0
23268,"B",2019-05-16,2019-05-20,4,43,0,0
23268,"B",2019-05-16,2019-05-27,11,143,0,0
23268,"B",2019-05-16,2019-06-03,18,136,0,0
23268,"B",2019-05-16,2019-06-10,25,129,0,0
23268,"B",2019-05-16,2019-06-17,32,122,0,0
23277,"B",2019-04-28,2019-04-29,1,38,0,0
23277,"B",2019-04-28,2019-05-13,15,24,0,0
23277,"B",2019-04-28,2019-05-20,22,84,0,0
23277,"B",2019-04-28,2019-05-27,29,77,0,0
23303,"B",2019-05-20,2019-05-27,7,44,0,0
23303,"B",2019-05-20,2019-06-03,14,70,0,0
23303,"B",2019-05-20,2019-06-10,21,129,0,0
23303,"B",2019-05-20,2019-06-17,28,122,0,0
23303,"B",2019-05-20,2019-06-24,35,115,0,0
23327,"B",2019-04-23,2019-04-29,6,38,0,0
23327,"B",2019-04-23,2019-05-06,13,31,0,0
23327,"B",2019-04-23,2019-05-13,20,58,0,0
23327,"B",2019-04-23,2019-05-20,27,43,0,0
23327,"B",2019-04-23,2019-05-27,34,44,0,0
23331,"B",2019-04-22,2019-04-25,3,42,0,0
23331,"B",2019-04-22,2019-04-29,7,38,0,0
23331,"B",2019-04-22,2019-05-06,14,65,0,0
23331,"B",2019-04-22,2019-05-13,21,24,0,0
23331,"B",2019-04-22,2019-05-20,28,43,0,0
23342,"B",2019-05-03,2019-05-13,10,24,0,0
23342,"B",2019-05-03,2019-05-20,17,84,0,0
23342,"B",2019-05-03,2019-06-03,31,136,0,0
23342,"B",2019-05-03,2019-06-13,41,126,0,0
23345,"B",2019-04-15,2019-04-19,4,42,0,0
23345,"B",2019-04-15,2019-04-23,8,38,0,0
23345,"B",2019-04-15,2019-04-29,14,38,0,0
23345,"B",2019-04-15,2019-05-06,21,65,0,0
23345,"B",2019-04-15,2019-05-13,28,24,0,0
23349,"B",2019-04-25,2019-04-25,0,42,0,0
23349,"B",2019-04-25,2019-04-29,4,38,0,0
23349,"B",2019-04-25,2019-05-06,11,31,0,0
23349,"B",2019-04-25,2019-05-13,18,24,0,0
23349,"B",2019-04-25,2019-05-20,25,51,0,0
23357,"B",2019-06-03,2019-06-03,0,136,0,0
23357,"B",2019-06-03,2019-06-13,10,126,0,0
23357,"B",2019-06-03,2019-06-19,16,120,0,0
23357,"B",2019-06-03,2019-06-26,23,76,0,0
23357,"B",2019-06-03,2019-07-03,30,69,0,0
23358,"B",2019-05-29,2019-05-30,1,33,0,0
23358,"B",2019-05-29,2019-06-03,5,70,0,0
23358,"B",2019-05-29,2019-06-10,12,129,0,0
23358,"B",2019-05-29,2019-06-17,19,122,0,0
23358,"B",2019-05-29,2019-06-24,26,115,0,0
23389,"B",2019-05-12,2019-05-13,1,24,0,0
23389,"B",2019-05-12,2019-05-20,8,43,0,0
23389,"B",2019-05-12,2019-05-27,15,44,0,0
23389,"B",2019-05-12,2019-06-03,22,136,0,0
23389,"B",2019-05-12,2019-06-10,29,63,0,0
23390,"B",2019-06-01,2019-06-03,2,136,0,1
23390,"B",2019-06-01,2019-06-10,9,63,0,0
23390,"B",2019-06-01,2019-06-24,23,115,0,0
23390,"B",2019-06-01,2019-06-27,26,112,0,0
23390,"B",2019-06-01,2019-07-01,30,108,0,0
23392,"B",2019-06-13,2019-06-17,4,122,0,0
23392,"B",2019-06-13,2019-06-24,11,115,0,0
23392,"B",2019-06-13,2019-07-01,18,71,0,0
23392,"B",2019-06-13,2019-07-08,25,64,0,0
23392,"B",2019-06-13,2019-07-15,32,57,0,0
23419,"B",2019-04-25,2019-04-29,4,38,0,0
23419,"B",2019-04-25,2019-05-06,11,31,0,0
23419,"B",2019-04-25,2019-05-13,18,24,0,0
23419,"B",2019-04-25,2019-05-20,25,84,0,0
23419,"B",2019-04-25,2019-05-27,32,77,0,0
23444,"B",2019-05-09,2019-05-13,4,24,0,0
23444,"B",2019-05-09,2019-05-23,14,40,0,0
23444,"B",2019-05-09,2019-05-30,21,33,0,0
23445,"B",2019-05-05,2019-05-06,1,31,0,0
23445,"B",2019-05-05,2019-05-13,8,58,0,0
23445,"B",2019-05-05,2019-05-20,15,51,0,0
23445,"B",2019-05-05,2019-05-27,22,36,0,0
23445,"B",2019-05-05,2019-06-03,29,70,0,0
23456,"B",2019-05-22,2019-05-23,1,40,0,0
23456,"B",2019-05-22,2019-05-27,5,44,0,0
23456,"B",2019-05-22,2019-06-03,12,70,1,1
23456,"B",2019-05-22,2019-06-10,19,129,0,0
23456,"B",2019-05-22,2019-06-17,26,122,0,0
23493,"B",2019-04-30,2019-05-06,6,65,0,0
23493,"B",2019-04-30,2019-05-13,13,24,0,0
23493,"B",2019-04-30,2019-05-20,20,43,0,0
23493,"B",2019-04-30,2019-05-27,27,44,0,0
23493,"B",2019-04-30,2019-06-03,34,70,0,0
23504,"B",2019-05-11,2019-05-13,2,58,0,0
23504,"B",2019-05-11,2019-05-20,9,43,0,0
23504,"B",2019-05-11,2019-05-27,16,36,0,0
23504,"B",2019-05-11,2019-06-03,23,136,0,0
23504,"B",2019-05-11,2019-06-10,30,63,0,0
23563,"B",2019-05-14,2019-05-20,6,43,0,0
23563,"B",2019-05-14,2019-05-27,13,77,0,0
23563,"B",2019-05-14,2019-06-06,23,133,0,0
23563,"B",2019-05-14,2019-06-10,27,129,0,0
23563,"B",2019-05-14,2019-06-17,34,122,0,0
23577,"B",2019-05-30,2019-06-03,4,136,0,0
23577,"B",2019-05-30,2019-06-10,11,63,0,0
23577,"B",2019-05-30,2019-06-17,18,122,0,0
23577,"B",2019-05-30,2019-06-24,25,115,0,0
23577,"B",2019-05-30,2019-07-01,32,108,0,0
23586,"B",2019-05-29,2019-05-30,1,33,0,0
23586,"B",2019-05-29,2019-06-03,5,70,0,0
23586,"B",2019-05-29,2019-06-06,8,133,0,0
23586,"B",2019-05-29,2019-06-13,15,126,0,0
23586,"B",2019-05-29,2019-06-26,28,76,1,1
23591,"B",2019-05-08,2019-05-13,5,24,0,0
23591,"B",2019-05-08,2019-05-23,15,40,0,0
23591,"B",2019-05-08,2019-05-30,22,33,0,0
23591,"B",2019-05-08,2019-06-06,29,67,0,0
23591,"B",2019-05-08,2019-06-13,36,126,0,0
23614,"B",2019-05-05,2019-05-06,1,31,0,0
23614,"B",2019-05-05,2019-05-09,4,28,0,0
23614,"B",2019-05-05,2019-05-13,8,50,0,0
23614,"B",2019-05-05,2019-05-20,15,43,0,0
23614,"B",2019-05-05,2019-05-27,22,44,0,0
23619,"B",2019-04-22,2019-04-25,3,36,0,0
23619,"B",2019-04-22,2019-04-29,7,38,0,1
23619,"B",2019-04-22,2019-05-06,14,31,0,0
23619,"B",2019-04-22,2019-05-13,21,24,0,0
23619,"B",2019-04-22,2019-05-20,28,43,0,0
23620,"B",2019-05-15,2019-05-16,1,47,0,0
23620,"B",2019-05-15,2019-05-20,5,43,0,0
23620,"B",2019-05-15,2019-05-27,12,44,0,0
23620,"B",2019-05-15,2019-06-03,19,136,0,0
23620,"B",2019-05-15,2019-06-10,26,129,0,0
23629,"B",2019-05-12,2019-05-13,1,24,0,0
23629,"B",2019-05-12,2019-05-20,8,43,0,0
23629,"B",2019-05-12,2019-05-27,15,44,0,0
23629,"B",2019-05-12,2019-06-03,22,136,0,0
23629,"B",2019-05-12,2019-06-10,29,92,0,0
23636,"B",2019-05-23,2019-05-27,4,44,0,0
23636,"B",2019-05-23,2019-06-03,11,70,0,0
23636,"B",2019-05-23,2019-06-10,18,63,0,0
23636,"B",2019-05-23,2019-06-17,25,122,0,0
23636,"B",2019-05-23,2019-06-24,32,78,0,0
23637,"B",2019-04-17,2019-04-18,1,43,1,1
23637,"B",2019-04-17,2019-04-19,2,42,0,0
23637,"B",2019-04-17,2019-04-23,6,38,0,0
23637,"B",2019-04-17,2019-05-06,19,65,0,0
23637,"B",2019-04-17,2019-05-13,26,91,0,0
23637,"B",2019-04-17,2019-05-20,33,43,0,0
23639,"B",2019-04-24,2019-04-25,1,42,0,1
23639,"B",2019-04-24,2019-04-29,5,38,0,0
23639,"B",2019-04-24,2019-05-06,12,31,0,0
23639,"B",2019-04-24,2019-05-13,19,24,0,0
23639,"B",2019-04-24,2019-05-20,26,43,0,0
23642,"B",2019-05-31,2019-06-03,3,70,0,0
23642,"B",2019-05-31,2019-06-10,10,63,0,0
23642,"B",2019-05-31,2019-06-17,17,122,0,0
23642,"B",2019-05-31,2019-06-24,24,115,0,0
23642,"B",2019-05-31,2019-07-01,31,71,0,0
23643,"B",2019-05-03,2019-05-06,3,31,0,0
23643,"B",2019-05-03,2019-05-13,10,24,0,0
23643,"B",2019-05-03,2019-05-20,17,43,0,0
23643,"B",2019-05-03,2019-05-27,24,44,0,0
23643,"B",2019-05-03,2019-06-03,31,70,0,0
23645,"B",2019-04-18,2019-04-18,0,43,0,0
23645,"B",2019-04-18,2019-04-19,1,42,0,0
23645,"B",2019-04-18,2019-04-29,11,32,0,0
23645,"B",2019-04-18,2019-05-06,18,31,0,0
23645,"B",2019-04-18,2019-05-13,25,24,0,0
23650,"B",2019-05-03,2019-05-06,3,31,0,0
23650,"B",2019-05-03,2019-05-13,10,24,0,0
23650,"B",2019-05-03,2019-05-20,17,43,0,0
23650,"B",2019-05-03,2019-05-27,24,77,0,0
23650,"B",2019-05-03,2019-06-03,31,136,0,0
23660,"B",2019-04-22,2019-04-25,3,42,0,0
23660,"B",2019-04-22,2019-04-29,7,32,0,0
23660,"B",2019-04-22,2019-05-06,14,31,0,1
23660,"B",2019-04-22,2019-05-13,21,24,0,0
23660,"B",2019-04-22,2019-05-20,28,43,0,0
23667,"B",2019-05-04,2019-05-06,2,65,0,0
23667,"B",2019-05-04,2019-05-13,9,58,0,0
23667,"B",2019-05-04,2019-05-20,16,51,0,0
23667,"B",2019-05-04,2019-05-27,23,44,0,0
23667,"B",2019-05-04,2019-06-03,30,70,0,0
23669,"B",2019-05-14,2019-05-16,2,47,1,1
23669,"B",2019-05-14,2019-05-20,6,51,0,0
23669,"B",2019-05-14,2019-05-27,13,36,1,1
23669,"B",2019-05-14,2019-06-03,20,70,0,1
23669,"B",2019-05-14,2019-06-10,27,129,0,0
23675,"B",2019-05-26,2019-05-27,1,44,0,0
23675,"B",2019-05-26,2019-06-03,8,136,0,0
23675,"B",2019-05-26,2019-06-10,15,129,0,0
23675,"B",2019-05-26,2019-06-17,22,122,0,0
23675,"B",2019-05-26,2019-06-24,29,115,0,0
23680,"B",2019-05-18,2019-05-20,2,43,0,0
23680,"B",2019-05-18,2019-05-27,9,36,0,0
23680,"B",2019-05-18,2019-06-03,16,136,0,0
23680,"B",2019-05-18,2019-06-10,23,63,0,0
23680,"B",2019-05-18,2019-06-17,30,122,0,0
23685,"B",2019-05-20,2019-05-23,3,40,0,0
23685,"B",2019-05-20,2019-05-27,7,77,0,0
23685,"B",2019-05-20,2019-06-03,14,136,0,0
23685,"B",2019-05-20,2019-06-10,21,129,0,0
23685,"B",2019-05-20,2019-06-17,28,122,0,0
23690,"B",2019-05-18,2019-05-27,9,36,0,0
23690,"B",2019-05-18,2019-06-03,16,136,0,0
23690,"B",2019-05-18,2019-06-10,23,63,0,0
23690,"B",2019-05-18,2019-06-17,30,122,0,0
23697,"B",2019-04-18,2019-04-29,11,38,0,0
23697,"B",2019-04-18,2019-05-06,18,31,0,0
23697,"B",2019-04-18,2019-05-13,25,24,0,0
23697,"B",2019-04-18,2019-05-20,32,43,0,0
23701,"B",2019-04-30,2019-05-02,2,61,0,0
23701,"B",2019-04-30,2019-05-06,6,31,0,0
23701,"B",2019-04-30,2019-05-13,13,24,0,0
23701,"B",2019-04-30,2019-05-20,20,150,0,0
23701,"B",2019-04-30,2019-05-27,27,44,0,0
23705,"B",2019-05-13,2019-05-13,0,24,0,0
23705,"B",2019-05-13,2019-05-20,7,84,0,0
23705,"B",2019-05-13,2019-05-27,14,44,0,0
23705,"B",2019-05-13,2019-06-03,21,136,0,0
23705,"B",2019-05-13,2019-06-10,28,129,0,0
23709,"B",2019-04-20,2019-04-19,-1,42,0,0
23709,"B",2019-04-20,2019-04-29,9,32,0,0
23709,"B",2019-04-20,2019-05-06,16,31,0,0
23709,"B",2019-04-20,2019-05-13,23,24,0,0
23709,"B",2019-04-20,2019-05-20,30,150,0,0
23717,"B",2019-05-27,2019-06-06,10,67,0,1
23717,"B",2019-05-27,2019-06-19,23,120,0,0
23717,"B",2019-05-27,2019-06-26,30,76,0,0
23717,"B",2019-05-27,2019-06-27,31,112,0,0
23722,"B",2019-04-25,2019-04-25,0,42,0,0
23722,"B",2019-04-25,2019-04-29,4,38,0,0
23722,"B",2019-04-25,2019-05-06,11,31,0,0
23722,"B",2019-04-25,2019-05-13,18,58,0,0
23722,"B",2019-04-25,2019-05-20,25,84,0,0
23724,"B",2019-04-09,2019-04-25,16,68,0,0
23724,"B",2019-04-09,2019-05-02,23,35,0,0
23724,"B",2019-04-09,2019-05-09,30,28,0,0
23724,"B",2019-04-09,2019-05-16,37,47,0,0
23727,"B",2019-05-12,2019-05-20,8,84,0,0
23727,"B",2019-05-12,2019-05-27,15,36,0,0
23727,"B",2019-05-12,2019-06-03,22,136,0,0
23727,"B",2019-05-12,2019-06-10,29,63,0,0
23728,"B",2019-05-23,2019-05-23,0,40,0,0
23728,"B",2019-05-23,2019-05-27,4,36,0,0
23728,"B",2019-05-23,2019-06-03,11,136,0,0
23728,"B",2019-05-23,2019-06-10,18,63,0,0
23728,"B",2019-05-23,2019-06-17,25,122,0,0
23730,"B",2019-04-13,2019-04-19,6,42,0,0
23730,"B",2019-04-13,2019-04-23,10,38,0,0
23730,"B",2019-04-13,2019-04-29,16,38,0,0
23730,"B",2019-04-13,2019-05-06,23,65,0,0
23730,"B",2019-04-13,2019-05-13,30,58,0,0
23732,"B",2019-05-22,2019-05-23,1,40,0,0
23732,"B",2019-05-22,2019-05-27,5,44,0,0
23732,"B",2019-05-22,2019-06-03,12,136,0,0
23732,"B",2019-05-22,2019-06-10,19,129,0,0
23732,"B",2019-05-22,2019-06-17,26,122,0,0
23735,"B",2019-05-28,2019-06-03,6,136,0,0
23735,"B",2019-05-28,2019-06-10,13,63,0,0
23735,"B",2019-05-28,2019-06-17,20,122,0,0
23735,"B",2019-05-28,2019-06-24,27,115,0,0
23736,"B",2019-05-07,2019-05-16,9,154,0,0
23736,"B",2019-05-07,2019-05-23,16,40,0,0
23736,"B",2019-05-07,2019-05-30,23,33,0,0
23736,"B",2019-05-07,2019-06-06,30,67,0,0
23740,"B",2019-04-29,2019-04-29,0,38,0,0
23740,"B",2019-04-29,2019-05-13,14,24,0,0
23740,"B",2019-04-29,2019-05-20,21,43,0,0
23740,"B",2019-04-29,2019-05-27,28,44,0,0
23744,"B",2019-05-23,2019-05-27,4,36,0,0
23744,"B",2019-05-23,2019-06-03,11,136,0,0
23744,"B",2019-05-23,2019-06-10,18,129,0,0
23744,"B",2019-05-23,2019-06-17,25,122,0,0
23744,"B",2019-05-23,2019-06-24,32,115,0,0
23747,"B",2019-04-08,2019-04-10,2,51,1,1
23747,"B",2019-04-08,2019-04-15,7,46,1,1
23747,"B",2019-04-08,2019-04-23,15,38,0,0
23747,"B",2019-04-08,2019-04-29,21,32,1,1
23747,"B",2019-04-08,2019-05-06,28,65,0,0
23748,"B",2019-05-09,2019-05-09,0,28,0,0
23748,"B",2019-05-09,2019-05-13,4,24,0,0
23748,"B",2019-05-09,2019-05-20,11,84,0,0
23748,"B",2019-05-09,2019-05-27,18,44,0,0
23748,"B",2019-05-09,2019-06-03,25,136,0,0
23751,"B",2019-05-15,2019-05-20,5,51,0,0
23754,"B",2019-04-13,2019-04-18,5,43,0,0
23754,"B",2019-04-13,2019-04-23,10,38,0,0
23754,"B",2019-04-13,2019-04-29,16,38,0,0
23754,"B",2019-04-13,2019-05-06,23,31,0,0
23754,"B",2019-04-13,2019-05-13,30,24,0,0
23756,"B",2019-05-19,2019-05-20,1,43,0,0
23756,"B",2019-05-19,2019-06-03,15,70,0,0
23756,"B",2019-05-19,2019-06-10,22,129,0,0
23756,"B",2019-05-19,2019-06-17,29,122,0,0
23760,"B",2019-05-23,2019-05-27,4,36,0,0
23760,"B",2019-05-23,2019-06-03,11,136,0,0
23760,"B",2019-05-23,2019-06-10,18,63,0,0
23760,"B",2019-05-23,2019-06-17,25,122,0,0
23760,"B",2019-05-23,2019-06-24,32,115,0,0
23768,"B",2019-05-27,2019-05-27,0,77,0,0
23768,"B",2019-05-27,2019-06-06,10,133,0,1
23768,"B",2019-05-27,2019-06-19,23,120,0,0
23768,"B",2019-05-27,2019-06-26,30,76,0,0
23768,"B",2019-05-27,NA,NA,NA,0,0
23771,"B",2019-05-07,2019-05-13,6,24,0,0
23771,"B",2019-05-07,2019-05-20,13,51,0,0
23771,"B",2019-05-07,2019-05-27,20,143,0,0
23771,"B",2019-05-07,2019-06-03,27,136,0,0
23771,"B",2019-05-07,2019-06-10,34,63,0,0
23774,"B",2019-05-20,2019-05-20,0,43,0,0
23774,"B",2019-05-20,2019-05-22,2,41,0,0
23774,"B",2019-05-20,2019-06-03,14,136,0,0
23774,"B",2019-05-20,2019-06-10,21,129,0,0
23774,"B",2019-05-20,2019-06-17,28,122,0,0
23784,"B",2019-05-17,2019-05-20,3,43,0,0
23784,"B",2019-05-17,2019-05-27,10,44,0,0
23784,"B",2019-05-17,2019-06-03,17,136,0,0
23784,"B",2019-05-17,2019-06-10,24,63,0,0
23784,"B",2019-05-17,2019-06-17,31,122,0,0
23787,"B",2019-04-19,2019-04-23,4,38,0,0
23787,"B",2019-04-19,2019-05-02,13,61,0,0
23787,"B",2019-04-19,2019-05-09,20,54,0,0
23787,"B",2019-04-19,2019-05-16,27,47,0,0
23787,"B",2019-04-19,2019-05-23,34,40,0,0
23789,"B",2019-06-08,2019-06-10,2,63,0,0
23789,"B",2019-06-08,2019-06-17,9,122,0,0
23789,"B",2019-06-08,2019-06-24,16,115,0,0
23789,"B",2019-06-08,2019-07-01,23,71,0,0
23789,"B",2019-06-08,2019-07-08,30,64,0,0
23792,"B",2019-06-12,2019-06-13,1,126,0,0
23792,"B",2019-06-12,2019-06-17,5,122,0,0
23792,"B",2019-06-12,2019-06-24,12,115,0,0
23792,"B",2019-06-12,2019-07-01,19,42,0,1
23792,"B",2019-06-12,2019-07-08,26,64,0,0
23795,"B",2019-05-05,2019-05-06,1,31,0,0
23795,"B",2019-05-05,2019-05-13,8,24,0,0
23795,"B",2019-05-05,2019-05-20,15,43,0,0
23795,"B",2019-05-05,2019-05-27,22,36,0,0
23795,"B",2019-05-05,2019-06-03,29,70,0,0
23797,"B",2019-04-23,2019-04-23,0,38,0,0
23797,"B",2019-04-23,2019-05-06,13,31,0,0
23797,"B",2019-04-23,2019-05-13,20,24,0,0
23797,"B",2019-04-23,2019-05-20,27,84,0,0
23797,"B",2019-04-23,2019-05-27,34,44,0,0
23799,"B",2019-05-06,2019-05-06,0,65,0,0
23799,"B",2019-05-06,2019-05-13,7,24,0,0
23799,"B",2019-05-06,2019-05-20,14,51,0,0
23799,"B",2019-05-06,2019-05-27,21,44,0,0
23799,"B",2019-05-06,2019-06-03,28,136,0,0
23801,"B",2019-04-23,2019-04-23,0,38,0,0
23801,"B",2019-04-23,2019-04-29,6,38,0,0
23801,"B",2019-04-23,2019-05-06,13,31,0,0
23801,"B",2019-04-23,2019-05-13,20,24,0,0
23801,"B",2019-04-23,2019-05-20,27,43,0,0
23805,"B",2019-04-26,2019-04-29,3,32,0,0
23805,"B",2019-04-26,2019-05-06,10,31,0,0
23805,"B",2019-04-26,2019-05-13,17,24,0,0
23805,"B",2019-04-26,2019-05-20,24,43,0,0
23805,"B",2019-04-26,2019-05-27,31,36,0,0
23807,"B",2019-04-23,2019-04-25,2,36,0,0
23807,"B",2019-04-23,2019-04-29,6,32,0,0
23807,"B",2019-04-23,2019-05-06,13,31,0,0
23807,"B",2019-04-23,2019-05-13,20,24,0,0
23807,"B",2019-04-23,2019-05-20,27,84,0,0
23808,"B",2019-05-24,2019-05-27,3,44,0,0
23808,"B",2019-05-24,2019-06-06,13,67,0,0
23808,"B",2019-05-24,2019-06-13,20,89,0,0
23808,"B",2019-05-24,2019-06-19,26,120,0,0
23812,"B",2019-05-28,2019-05-30,2,33,0,0
23812,"B",2019-05-28,2019-06-03,6,136,0,0
23812,"B",2019-05-28,2019-06-10,13,129,0,0
23812,"B",2019-05-28,2019-06-17,20,122,0,0
23812,"B",2019-05-28,2019-06-24,27,115,0,0
23813,"B",2019-05-11,2019-05-13,2,58,0,0
23813,"B",2019-05-11,2019-05-23,12,40,0,0
23813,"B",2019-05-11,2019-05-30,19,33,0,0
23813,"B",2019-05-11,2019-06-06,26,67,0,0
23813,"B",2019-05-11,2019-06-13,33,126,0,0
23819,"B",2019-05-31,2019-06-06,6,133,0,0
23819,"B",2019-05-31,2019-06-10,10,129,0,0
23819,"B",2019-05-31,2019-06-17,17,122,0,0
23819,"B",2019-05-31,2019-06-24,24,115,0,0
23831,"B",2019-05-09,2019-05-13,4,58,0,0
23831,"B",2019-05-09,2019-05-20,11,84,0,0
23831,"B",2019-05-09,2019-05-27,18,44,0,0
23831,"B",2019-05-09,2019-06-03,25,136,0,0
23831,"B",2019-05-09,2019-06-10,32,129,0,0
23834,"B",2019-05-08,2019-05-13,5,24,0,0
23834,"B",2019-05-08,2019-05-23,15,40,0,0
23834,"B",2019-05-08,2019-05-30,22,33,0,0
23834,"B",2019-05-08,2019-06-06,29,133,0,0
23834,"B",2019-05-08,2019-06-13,36,60,0,0
23844,"B",2019-06-18,2019-06-19,1,120,0,0
23844,"B",2019-06-18,2019-06-24,6,115,0,0
23844,"B",2019-06-18,2019-07-01,13,108,0,0
23844,"B",2019-06-18,2019-07-08,20,64,0,0
23844,"B",2019-06-18,2019-07-15,27,57,0,0
23851,"B",2019-04-26,2019-04-29,3,38,0,0
23851,"B",2019-04-26,2019-05-06,10,65,0,0
23851,"B",2019-04-26,2019-05-13,17,24,0,0
23851,"B",2019-04-26,2019-05-20,24,51,0,0
23851,"B",2019-04-26,2019-05-27,31,44,0,0
23869,"B",2019-05-13,2019-05-20,7,43,0,1
23869,"B",2019-05-13,2019-05-27,14,36,0,0
23869,"B",2019-05-13,2019-06-03,21,70,0,0
23869,"B",2019-05-13,2019-06-10,28,129,0,1
23869,"B",2019-05-13,2019-06-17,35,122,0,0
23872,"B",2019-05-23,2019-05-27,4,36,0,0
23872,"B",2019-05-23,2019-06-03,11,70,0,0
23872,"B",2019-05-23,2019-06-10,18,129,0,0
23872,"B",2019-05-23,2019-06-17,25,56,0,0
23872,"B",2019-05-23,2019-06-24,32,115,0,0
23877,"B",2019-05-20,2019-05-27,7,44,0,0
23877,"B",2019-05-20,2019-06-03,14,136,0,0
23877,"B",2019-05-20,2019-06-10,21,129,0,0
23877,"B",2019-05-20,2019-06-17,28,122,0,1
23877,"B",2019-05-20,2019-06-24,35,115,0,0
23883,"B",2019-06-10,2019-06-10,0,129,0,0
23883,"B",2019-06-10,2019-06-17,7,122,0,0
23883,"B",2019-06-10,2019-06-24,14,115,0,0
23883,"B",2019-06-10,2019-07-01,21,71,0,0
23883,"B",2019-06-10,2019-07-08,28,64,0,0
23896,"B",2019-05-28,2019-06-03,6,136,0,0
23896,"B",2019-05-28,2019-06-10,13,129,0,0
23896,"B",2019-05-28,2019-06-17,20,122,0,0
23896,"B",2019-05-28,2019-06-24,27,115,0,0
23896,"B",2019-05-28,2019-07-01,34,108,0,0
23909,"B",2019-06-01,2019-06-03,2,136,0,0
23909,"B",2019-06-01,2019-06-13,12,126,0,0
23909,"B",2019-06-01,2019-06-19,18,120,0,0
23909,"B",2019-06-01,2019-06-26,25,76,0,0
23909,"B",2019-06-01,2019-07-03,32,69,0,0
23915,"B",2019-05-09,2019-05-13,4,58,0,0
23915,"B",2019-05-09,2019-05-20,11,51,0,0
23915,"B",2019-05-09,2019-05-27,18,36,0,0
23915,"B",2019-05-09,2019-06-03,25,136,0,0
23915,"B",2019-05-09,2019-06-10,32,92,0,0
23917,"B",2019-06-02,2019-06-03,1,70,0,0
23917,"B",2019-06-02,2019-06-17,15,122,0,0
23917,"B",2019-06-02,2019-06-26,24,76,0,0
23917,"B",2019-06-02,2019-07-03,31,69,0,0
23954,"B",2019-05-23,2019-05-27,4,77,0,0
23954,"B",2019-05-23,2019-06-03,11,70,0,0
23954,"B",2019-05-23,2019-06-10,18,129,0,0
23954,"B",2019-05-23,2019-06-17,25,122,0,0
23954,"B",2019-05-23,2019-06-24,32,115,0,0
23962,"B",2019-05-12,2019-05-13,1,24,0,0
23962,"B",2019-05-12,2019-05-23,11,40,0,0
23962,"B",2019-05-12,2019-05-30,18,33,0,0
23962,"B",2019-05-12,2019-06-06,25,67,0,1
23962,"B",2019-05-12,2019-06-13,32,60,0,0
23979,"B",2019-05-29,2019-05-30,1,33,0,0
23979,"B",2019-05-29,2019-06-03,5,136,0,0
23979,"B",2019-05-29,2019-06-10,12,129,0,0
23979,"B",2019-05-29,2019-06-17,19,56,0,0
23979,"B",2019-05-29,2019-06-24,26,115,0,0
23980,"B",2019-06-09,2019-06-10,1,129,0,0
23980,"B",2019-06-09,2019-06-13,4,126,0,0
23980,"B",2019-06-09,2019-06-24,15,115,0,0
23980,"B",2019-06-09,2019-07-03,24,69,0,0
23980,"B",2019-06-09,2019-07-08,29,64,0,0
24000,"B",2019-05-28,2019-06-02,5,137,0,0
24000,"B",2019-05-28,2019-06-10,13,129,0,0
24000,"B",2019-05-28,2019-06-17,20,122,0,0
24000,"B",2019-05-28,2019-06-24,27,115,0,0
24000,"B",2019-05-28,2019-07-01,34,108,0,0
24012,"B",2019-06-11,2019-06-13,2,126,0,0
24012,"B",2019-06-11,2019-06-17,6,122,0,0
24012,"B",2019-06-11,2019-06-24,13,115,0,0
24012,"B",2019-06-11,2019-07-01,20,108,0,0
24012,"B",2019-06-11,2019-07-08,27,64,0,1
24035,"B",2019-06-01,2019-06-03,2,136,0,0
24035,"B",2019-06-01,2019-06-10,9,129,0,0
24035,"B",2019-06-01,2019-06-17,16,122,0,0
24035,"B",2019-06-01,2019-06-24,23,115,0,0
24035,"B",2019-06-01,2019-07-01,30,108,0,0
24037,"B",2019-06-02,2019-06-03,1,70,0,0
24037,"B",2019-06-02,2019-06-10,8,92,0,0
24037,"B",2019-06-02,2019-06-17,15,122,0,0
24037,"B",2019-06-02,2019-06-24,22,115,0,0
24037,"B",2019-06-02,2019-07-01,29,108,0,0
24049,"B",2019-05-27,2019-05-27,0,44,0,0
24049,"B",2019-05-27,2019-06-03,7,136,0,0
24049,"B",2019-05-27,2019-06-10,14,63,0,0
24049,"B",2019-05-27,2019-06-17,21,122,0,0
24049,"B",2019-05-27,2019-06-24,28,78,0,0
24096,"B",2019-05-29,2019-05-30,1,33,0,0
24096,"B",2019-05-29,2019-06-03,5,70,0,0
24136,"B",2019-06-21,2019-06-24,3,115,0,0
24136,"B",2019-06-21,2019-07-01,10,108,0,0
24136,"B",2019-06-21,2019-07-08,17,64,1,1
24136,"B",2019-06-21,2019-07-15,24,57,0,0
24157,"B",2019-05-07,2019-05-13,6,24,0,0
24157,"B",2019-05-07,2019-05-20,13,84,1,1
24157,"B",2019-05-07,2019-05-27,20,44,0,0
24157,"B",2019-05-07,2019-06-10,34,129,0,0
24166,"B",2019-06-05,2019-06-06,1,67,0,0
24166,"B",2019-06-05,2019-06-10,5,63,0,0
24166,"B",2019-06-05,2019-06-17,12,122,0,0
24166,"B",2019-06-05,2019-06-24,19,115,0,0
24166,"B",2019-06-05,2019-07-01,26,108,0,0
24236,"B",2019-06-04,2019-06-06,2,133,0,0
24236,"B",2019-06-04,2019-06-10,6,129,0,0
24236,"B",2019-06-04,2019-06-17,13,122,0,0
24236,"B",2019-06-04,2019-06-24,20,115,0,0
24236,"B",2019-06-04,2019-07-01,27,108,0,0
34649,"A",NA,2019-08-15,NA,41,0,0
35724,"A",2019-09-26,2019-10-09,13,20,0,1
35724,"A",2019-09-26,2019-10-16,20,253,0,0
35724,"A",2019-09-26,2019-10-25,29,75,0,0
35724,"A",2019-09-26,2019-11-01,36,237,0,0
35729,"A",2019-08-11,2019-08-12,1,44,0,0
35731,"A",2019-08-11,2019-08-12,1,44,0,0
35731,"A",2019-08-11,2019-08-19,8,37,0,0
35731,"A",2019-08-11,2019-08-31,20,25,0,0
35748,"A",2019-08-21,2019-08-30,9,26,0,0
35748,"A",2019-08-21,2019-09-02,12,23,0,1
35748,"A",2019-08-21,2019-09-14,24,116,0,0
35748,"A",2019-08-21,2019-09-20,30,39,0,0
35766,"A",2019-08-18,2019-08-23,5,67,0,0
35766,"A",2019-08-18,2019-08-31,13,25,0,0
35766,"A",2019-08-18,2019-09-02,15,23,0,0
35766,"A",2019-08-18,2019-09-09,22,16,0,0
35772,"A",2019-10-01,2019-10-07,6,22,0,0
35772,"A",2019-10-01,2019-10-16,15,84,0,0
35772,"A",2019-10-01,2019-10-23,22,77,0,0
35772,"A",2019-10-01,2019-11-01,31,237,0,0
35779,"A",2019-08-12,2019-08-15,3,41,0,0
35786,"A",2019-08-03,2019-08-05,2,51,0,0
35786,"A",2019-08-03,2019-08-12,9,44,0,0
35786,"A",2019-08-03,2019-08-22,19,34,0,0
35786,"A",2019-08-03,2019-08-26,23,64,0,0
35835,"A",2019-08-11,2019-08-15,4,41,0,0
35835,"A",2019-08-11,2019-08-19,8,37,0,0
35844,"A",2019-08-31,2019-09-06,6,19,0,0
35844,"A",2019-08-31,2019-09-12,12,47,0,0
35844,"A",2019-08-31,2019-09-16,16,42,0,0
35844,"A",2019-08-31,2019-10-03,33,25,0,0
35879,"A",2019-09-12,2019-09-29,17,262,0,0
35879,"A",2019-09-12,2019-10-04,22,24,0,0
35879,"A",2019-09-12,2019-10-07,25,22,0,0
35882,"A",2019-09-13,2019-09-16,3,42,0,1
35882,"A",2019-09-13,2019-09-28,15,31,0,0
35882,"A",2019-09-13,2019-10-05,22,24,0,0
35882,"A",2019-09-13,2019-10-18,35,82,0,0
63699,"A",NA,2019-09-28,NA,31,0,0
67577,"A",2019-10-15,2019-10-18,3,82,0,0
67577,"A",2019-10-15,2019-10-23,8,77,0,0
67577,"A",2019-10-15,2019-11-01,17,237,0,0
67577,"A",2019-10-15,2019-11-07,23,62,0,0
67833,"A",2019-08-02,2019-08-05,3,51,0,0
67833,"A",2019-08-02,2019-08-12,10,44,0,0
67833,"A",2019-08-02,2019-08-26,24,64,0,0
67883,"A",NA,2019-08-19,NA,37,0,0
67895,"A",2019-10-07,2019-10-15,8,14,0,0
67895,"A",2019-10-07,2019-10-23,16,246,0,0
67895,"A",2019-10-07,2019-11-01,25,237,0,0
67895,"A",2019-10-07,2019-11-06,30,232,0,0
67945,"A",2019-08-17,2019-08-23,6,67,0,0
67945,"A",2019-08-17,2019-08-30,13,26,0,0
67945,"A",2019-08-17,2019-09-14,28,116,0,0
67954,"A",NA,2019-09-02,NA,23,0,0
68058,"A",2019-10-10,2019-10-18,8,82,0,0
68058,"A",2019-10-10,2019-10-23,13,77,0,0
68058,"A",2019-10-10,2019-11-01,22,237,0,0
68058,"A",2019-10-10,2019-11-06,27,232,0,0
68116,"A",2019-10-10,2019-10-18,8,82,0,0
68116,"A",2019-10-10,2019-10-23,13,77,0,0
68116,"A",2019-10-10,2019-11-01,22,237,0,0
68116,"A",2019-10-10,2019-11-06,27,232,0,0
68199,"A",2019-08-18,2019-08-22,4,34,0,0
68199,"A",2019-08-18,2019-08-31,13,25,0,0
68199,"A",2019-08-18,2019-09-02,15,23,0,0
68199,"A",2019-08-18,2019-09-09,22,16,0,0
68209,"A",2019-08-30,2019-09-06,7,19,0,0
68209,"A",2019-08-30,2019-09-14,15,116,0,0
68209,"A",2019-08-30,2019-09-20,21,39,0,0
68209,"A",2019-08-30,2019-09-28,29,31,0,0
68219,"A",2019-09-26,2019-10-05,9,24,0,0
68219,"A",2019-09-26,2019-10-09,13,20,0,0
68219,"A",2019-09-26,2019-10-16,20,84,0,0
68219,"A",2019-09-26,2019-10-25,29,244,0,0
68224,"A",NA,2019-09-28,NA,31,0,0
68226,"A",2019-09-09,2019-10-11,32,18,0,0
68226,"A",2019-09-09,2019-10-16,37,84,0,0
68406,"A",2019-08-24,2019-08-30,6,26,0,0
68406,"A",2019-08-24,2019-09-02,9,23,0,1
68406,"A",2019-08-24,2019-09-14,21,116,0,1
68406,"A",2019-08-24,2019-09-20,27,39,0,0
68430,"A",2019-10-01,2019-10-07,6,22,0,0
68430,"A",2019-10-01,2019-10-18,17,82,0,0
68430,"A",2019-10-01,2019-10-25,24,75,0,0
68430,"A",2019-10-01,2019-11-01,31,237,0,0
68481,"A",2019-08-11,2019-08-15,4,41,0,0
68481,"A",2019-08-11,2019-08-22,11,34,0,0
68481,"A",2019-08-11,2019-08-26,15,64,0,0
68481,"A",2019-08-11,2019-09-07,27,18,0,0
68521,"A",2019-08-21,2019-09-07,17,18,0,0
68521,"A",2019-08-21,2019-09-14,24,116,0,0
68521,"A",2019-08-21,2019-09-20,30,39,0,0
68563,"A",2019-10-05,2019-10-16,11,84,0,0
68563,"A",2019-10-05,2019-10-23,18,77,0,0
68563,"A",2019-10-05,2019-11-01,27,237,0,0
68563,"A",2019-10-05,2019-11-06,32,232,0,0
68585,"A",2019-09-26,2019-10-05,9,24,0,0
68585,"A",2019-09-26,2019-10-09,13,20,0,0
68585,"A",2019-09-26,2019-10-16,20,84,0,0
68585,"A",2019-09-26,2019-10-25,29,75,0,0
68589,"A",2019-10-03,2019-10-05,2,24,0,0
68589,"A",2019-10-03,2019-10-16,13,84,0,0
68688,"A",2019-08-31,2019-09-07,7,18,0,0
68688,"A",2019-08-31,2019-09-13,13,117,0,0
68688,"A",2019-08-31,2019-09-16,16,42,0,0
68688,"A",2019-08-31,2019-09-28,28,31,0,0
68699,"A",2019-09-13,2019-09-20,7,39,0,0
68699,"A",2019-09-13,2019-10-06,23,23,0,0
68709,"A",2019-10-08,2019-10-15,7,14,0,0
68709,"A",2019-10-08,2019-10-18,10,82,0,0
68709,"A",2019-10-08,2019-10-23,15,77,0,0
68709,"A",2019-10-08,2019-11-01,24,237,0,0
68709,"A",2019-10-08,2019-11-06,29,232,0,0
68726,"A",2019-10-02,2019-10-12,10,17,0,0
68726,"A",2019-10-02,2019-10-15,13,14,0,0
68726,"A",2019-10-02,2019-10-23,21,77,0,0
68726,"A",2019-10-02,2019-11-01,30,237,0,0
68821,"A",2019-10-09,2019-10-18,9,82,0,0
68821,"A",2019-10-09,2019-10-25,16,75,0,0
68821,"A",2019-10-09,2019-11-01,23,237,0,0
68821,"A",2019-10-09,2019-11-06,28,232,0,0
68923,"A",2019-10-05,2019-10-12,7,17,0,0
68923,"A",2019-10-05,2019-10-18,13,82,0,0
68923,"A",2019-10-05,2019-10-25,20,75,0,0
68923,"A",2019-10-05,2019-11-01,27,237,0,0
68958,"A",2019-10-05,2019-10-07,2,22,0,0
68958,"A",2019-10-05,2019-10-15,10,14,0,0
68958,"A",2019-10-05,2019-10-23,18,77,0,0
68958,"A",2019-10-05,2019-11-01,27,237,0,0
68963,"A",2019-09-08,2019-09-12,4,47,0,0
68963,"A",2019-09-08,2019-09-16,8,42,0,0
68963,"A",2019-09-08,2019-09-23,15,268,0,0
68963,"A",2019-09-08,2019-09-28,20,31,0,0
68963,"A",2019-09-08,2019-10-09,31,20,0,0
69002,"A",2019-10-11,2019-10-18,7,82,0,0
69002,"A",2019-10-11,2019-10-23,12,77,0,0
69002,"A",2019-10-11,2019-11-01,21,237,0,0
69002,"A",2019-10-11,2019-11-06,26,232,0,0
69116,"A",2019-08-30,2019-09-06,7,19,0,0
69116,"A",2019-08-30,2019-09-13,14,117,0,0
69116,"A",2019-08-30,2019-09-16,17,42,0,0
69116,"A",2019-08-30,2019-09-28,29,31,0,0
69158,"A",2019-09-16,2019-09-29,13,262,0,0
69158,"A",2019-09-16,2019-10-04,18,24,0,0
69158,"A",2019-09-16,2019-10-11,25,18,0,0
69158,"A",2019-09-16,2019-10-15,29,14,0,0
69228,"A",2019-09-28,2019-10-05,7,24,0,0
69228,"A",2019-09-28,2019-10-16,18,84,0,0
69228,"A",2019-09-28,2019-10-23,25,246,0,0
69228,"A",2019-09-28,2019-11-01,34,237,0,0
82884,"A",2019-09-19,2019-09-30,11,28,0,0
82884,"A",2019-09-19,2019-10-07,18,22,0,0
82884,"A",2019-09-19,2019-10-16,27,253,0,0
82884,"A",2019-09-19,2019-11-01,43,237,0,0
82972,"A",NA,2019-09-23,NA,268,0,0
83366,"A",2019-09-12,2019-10-16,34,84,0,0
83366,"A",2019-09-12,2019-10-25,43,75,0,0
83657,"A",2019-08-01,2019-08-09,8,47,0,0
83657,"A",2019-08-01,2019-08-12,11,44,0,0
83657,"A",2019-08-01,2019-08-23,22,67,0,1
83780,"A",2019-07-27,2019-08-01,5,55,0,0
83780,"A",2019-07-27,2019-08-09,13,47,0,0
83780,"A",2019-07-27,2019-08-15,19,41,0,0
83780,"A",2019-07-27,2019-08-23,27,67,0,0
83884,"A",2019-08-08,2019-08-15,7,41,0,0
84094,"A",2019-08-11,2019-08-15,4,41,0,0
84094,"A",2019-08-11,2019-08-22,11,34,0,0
84094,"A",2019-08-11,2019-08-26,15,64,0,0
84094,"A",2019-08-11,2019-08-31,20,25,0,0
84094,"A",2019-08-11,2019-09-07,27,18,0,0
84133,"A",2019-08-02,2019-08-09,7,47,0,0
84133,"A",2019-08-02,2019-08-12,10,44,0,0
84133,"A",2019-08-02,2019-08-19,17,37,0,0
84133,"A",2019-08-02,2019-08-31,29,25,0,0
84156,"A",2019-07-30,2019-08-05,6,51,0,0
84156,"A",2019-07-30,2019-08-12,13,44,0,0
84156,"A",2019-07-30,2019-08-19,20,37,0,0
84156,"A",2019-07-30,2019-08-30,31,26,0,0
84230,"A",NA,2019-09-06,NA,19,0,0
84412,"A",2019-09-13,2019-10-03,20,25,0,0
84412,"A",2019-09-13,2019-10-11,28,18,0,0
84412,"A",2019-09-13,2019-10-16,33,253,0,0
84446,"A",2019-08-16,2019-08-23,7,67,0,0
84446,"A",2019-08-16,2019-08-31,15,25,0,0
84446,"A",2019-08-16,2019-09-02,17,23,0,1
84446,"A",2019-08-16,2019-09-14,29,116,0,0
84456,"A",NA,2019-09-28,NA,31,0,0
84458,"A",2019-07-29,2019-08-01,3,55,0,0
84458,"A",2019-07-29,2019-08-05,7,51,0,0
84458,"A",2019-07-29,2019-08-12,14,44,0,0
84458,"A",2019-07-29,2019-08-19,21,37,0,0
84468,"A",2019-09-23,2019-10-04,11,24,0,0
84468,"A",2019-09-23,2019-10-07,14,22,0,0
84468,"A",2019-09-23,2019-10-16,23,84,0,0
84468,"A",2019-09-23,2019-10-25,32,75,0,0
84486,"A",2019-07-29,2019-08-09,11,47,0,0
84486,"A",2019-07-29,2019-08-15,17,41,0,0
84486,"A",2019-07-29,2019-08-19,21,37,0,0
84521,"A",2019-08-26,2019-08-30,4,26,0,0
84521,"A",2019-08-26,2019-09-02,7,23,0,0
84521,"A",2019-08-26,2019-09-12,17,47,0,0
84521,"A",2019-08-26,2019-09-26,31,33,0,0
84568,"A",2019-09-21,2019-10-09,18,20,0,0
84568,"A",2019-09-21,2019-10-23,32,246,0,0
84568,"A",2019-09-21,2019-11-01,41,237,0,0
84568,"A",2019-09-21,2019-11-06,46,232,0,0
84649,"A",2019-08-10,2019-08-26,16,64,0,0
84649,"A",2019-08-10,2019-09-07,28,18,0,0
84697,"A",2019-08-05,2019-08-09,4,47,0,0
84697,"A",2019-08-05,2019-08-12,7,44,0,0
84697,"A",2019-08-05,2019-08-22,17,34,0,0
84697,"A",2019-08-05,2019-08-26,21,64,0,0
84699,"A",NA,2019-08-22,NA,34,0,0
84710,"A",2019-08-18,2019-08-23,5,67,0,0
84710,"A",2019-08-18,2019-08-30,12,26,0,0
84710,"A",2019-08-18,2019-09-02,15,23,0,0
84710,"A",2019-08-18,2019-09-12,25,47,0,0
84730,"A",2019-08-29,2019-09-14,16,116,0,0
84730,"A",2019-08-29,2019-09-20,22,39,0,0
84730,"A",2019-08-29,2019-09-28,30,31,0,0
84733,"A",2019-08-07,2019-08-15,8,41,0,0
84738,"A",2019-09-07,2019-09-23,16,268,0,0
84738,"A",2019-09-07,2019-09-28,21,31,0,0
84738,"A",2019-09-07,2019-10-03,26,25,0,0
84741,"A",2019-09-12,2019-10-06,24,23,0,0
84741,"A",2019-09-12,2019-10-09,27,20,0,0
84741,"A",2019-09-12,2019-10-16,34,84,0,0
84741,"A",2019-09-12,2019-10-25,43,75,0,0
84744,"A",2019-08-24,2019-08-31,7,25,0,1
84744,"A",2019-08-24,2019-09-02,9,23,0,0
84744,"A",2019-08-24,2019-09-12,19,47,0,1
84744,"A",2019-08-24,2019-09-20,27,39,0,0
84744,"A",2019-08-24,2019-09-28,35,31,0,0
84744,"A",2019-08-24,2019-09-30,37,28,0,0
84744,"A",2019-08-24,2019-10-04,41,24,0,0
84753,"A",2019-08-30,2019-09-06,7,19,0,0
84753,"A",2019-08-30,2019-09-13,14,117,0,0
84753,"A",2019-08-30,2019-09-16,17,42,0,0
84753,"A",2019-08-30,2019-09-20,21,39,0,0
84753,"A",2019-08-30,2019-09-25,26,33,0,0
84764,"A",2019-08-05,2019-08-09,4,47,0,0
84764,"A",2019-08-05,2019-08-15,10,41,0,0
84764,"A",2019-08-05,2019-08-19,14,37,0,0
84771,"A",2019-08-10,2019-08-15,5,41,0,0
84771,"A",2019-08-10,2019-08-22,12,34,0,0
84771,"A",2019-08-10,2019-08-26,16,64,0,0
84771,"A",2019-08-10,2019-09-07,28,18,0,0
84778,"A",2019-10-11,2019-10-15,4,14,0,0
84778,"A",2019-10-11,2019-10-18,7,82,0,0
84832,"A",2019-08-09,2019-08-15,6,41,0,0
84832,"A",2019-08-09,2019-08-19,10,37,0,0
84832,"A",2019-08-09,2019-08-31,22,25,0,0
84852,"A",2019-08-31,2019-09-06,6,19,0,0
84852,"A",2019-08-31,2019-09-13,13,117,0,0
84852,"A",2019-08-31,2019-09-20,20,39,0,0
84852,"A",2019-08-31,2019-09-23,23,268,0,0
84852,"A",2019-08-31,2019-10-11,41,18,0,0
84859,"A",2019-09-12,2019-09-22,10,37,0,0
84901,"A",2019-09-28,2019-10-05,7,24,0,0
84901,"A",2019-09-28,2019-10-09,11,20,0,0
84901,"A",2019-09-28,2019-10-16,18,253,0,0
84901,"A",2019-09-28,2019-10-25,27,75,0,0
84912,"A",NA,2019-10-11,NA,18,0,0
84923,"A",2019-09-21,2019-10-05,14,24,0,0
84923,"A",2019-09-21,2019-10-11,20,18,0,0
84923,"A",2019-09-21,2019-10-16,25,253,0,0
84923,"A",2019-09-21,2019-11-01,41,237,0,0
84924,"A",2019-09-28,2019-10-05,7,24,0,0
84924,"A",2019-09-28,2019-10-09,11,20,0,0
84924,"A",2019-09-28,2019-10-16,18,84,0,0
84924,"A",2019-09-28,2019-10-25,27,75,0,0
84934,"A",2019-09-20,2019-09-28,8,31,0,0
84934,"A",2019-09-20,2019-10-04,14,24,0,0
84934,"A",2019-09-20,2019-10-11,21,18,0,0
84934,"A",2019-09-20,2019-10-16,26,84,0,0
84943,"A",2019-09-25,2019-09-30,5,28,0,0
84943,"A",2019-09-25,2019-10-04,9,24,0,0
84943,"A",2019-09-25,2019-10-09,14,20,0,0
84943,"A",2019-09-25,2019-10-15,20,14,0,0
84956,"A",2019-09-17,2019-10-04,17,24,0,0
84956,"A",2019-09-17,2019-10-11,24,18,0,0
84956,"A",2019-09-17,2019-10-18,31,82,0,0
84960,"A",2019-09-19,2019-10-15,26,14,0,0
84960,"A",2019-09-19,2019-10-25,36,244,0,0
84960,"A",2019-09-19,2019-11-01,43,237,0,0
84960,"A",2019-09-19,2019-11-07,49,62,0,0
84969,"A",2019-09-22,2019-09-28,6,31,0,0
84972,"A",2019-09-12,2019-09-29,17,262,0,0
84972,"A",2019-09-12,2019-10-06,24,23,0,0
84972,"A",2019-09-12,2019-10-16,34,84,0,0
85016,"A",2019-09-08,2019-09-13,5,117,0,0
85016,"A",2019-09-08,2019-09-29,21,262,0,0
85023,"A",2019-09-18,2019-09-29,11,262,0,0
85023,"A",2019-09-18,2019-10-06,18,23,0,0
85023,"A",2019-09-18,2019-10-11,23,18,0,0
85023,"A",2019-09-18,2019-10-16,28,84,0,0
85024,"A",NA,2019-09-07,NA,18,0,0
85026,"A",2019-08-31,2019-09-12,12,47,0,0
85026,"A",2019-08-31,2019-09-25,25,33,0,0
85040,"A",2019-09-15,2019-09-23,8,268,0,0
85090,"A",2019-09-08,2019-09-12,4,47,0,0
85090,"A",2019-09-08,2019-09-23,15,268,0,0
85090,"A",2019-09-08,2019-09-28,20,31,0,0
85090,"A",2019-09-08,2019-09-29,21,262,0,0
85090,"A",2019-09-08,2019-10-05,27,24,0,0
85106,"A",NA,2019-10-04,NA,24,0,0
85111,"A",2019-09-23,2019-09-29,6,262,0,0
85111,"A",2019-09-23,2019-10-05,12,24,0,0
85111,"A",2019-09-23,2019-10-09,16,20,0,0
85111,"A",2019-09-23,2019-10-16,23,253,0,0
85120,"A",2019-09-19,2019-09-30,11,28,0,0
85120,"A",2019-09-19,2019-10-04,15,24,0,0
85120,"A",2019-09-19,2019-10-11,22,18,0,0
85120,"A",2019-09-19,2019-10-15,26,14,0,0
85121,"A",2019-09-23,2019-09-29,6,262,0,0
85121,"A",2019-09-23,2019-10-05,12,24,0,0
85121,"A",2019-09-23,2019-10-11,18,18,0,0
85121,"A",2019-09-23,2019-10-15,22,14,0,0
85123,"A",2019-09-07,2019-09-12,5,47,0,0
85123,"A",2019-09-07,2019-09-16,9,42,0,0
85123,"A",2019-09-07,2019-10-02,25,26,0,0
85123,"A",2019-09-07,2019-10-07,30,22,0,0
85135,"A",2019-09-21,2019-09-29,8,262,0,0
85135,"A",2019-09-21,2019-10-04,13,24,0,0
85135,"A",2019-09-21,2019-10-09,18,20,0,0
85135,"A",2019-09-21,2019-10-16,25,253,0,0
85210,"A",NA,2019-09-29,NA,262,0,0
87215,"A",2019-09-09,2019-09-16,7,42,0,0
87215,"A",2019-09-09,2019-09-23,14,268,0,0
87216,"A",2019-10-03,2019-10-18,15,82,0,0
87216,"A",2019-10-03,2019-10-23,20,77,0,0
87216,"A",2019-10-03,2019-11-01,29,237,0,0
87216,"A",2019-10-03,2019-11-06,34,232,0,0
87221,"A",2019-08-26,2019-09-07,12,18,0,0
87221,"A",2019-08-26,2019-09-14,19,116,0,0
87231,"A",2019-08-27,2019-09-07,11,18,0,0
87231,"A",2019-08-27,2019-09-13,17,117,0,0
87231,"A",2019-08-27,2019-09-16,20,42,0,0
87231,"A",2019-08-27,2019-09-29,33,262,0,0
87231,"A",2019-08-27,2019-10-03,37,25,0,0
87243,"A",2019-09-08,2019-09-12,4,47,0,0
87243,"A",2019-09-08,2019-09-16,8,42,0,0
87243,"A",2019-09-08,2019-09-23,15,268,0,0
87243,"A",2019-09-08,2019-09-28,20,31,0,0
87243,"A",2019-09-08,2019-09-29,21,262,0,0
87243,"A",2019-09-08,2019-10-04,26,24,0,0
87245,"A",2019-10-04,2019-10-15,11,14,0,0
87245,"A",2019-10-04,2019-11-01,28,237,0,0
87245,"A",2019-10-04,2019-11-06,33,232,0,0
87275,"A",2019-09-04,2019-09-09,5,16,0,0
87275,"A",2019-09-04,2019-09-25,21,33,0,0
87275,"A",2019-09-04,2019-10-03,29,25,0,0
87284,"A",2019-09-21,2019-09-29,8,262,0,0
87284,"A",2019-09-21,2019-10-11,20,18,0,0
87284,"A",2019-09-21,2019-10-15,24,14,0,0
87284,"A",2019-09-21,2019-10-25,34,75,0,0
87296,"A",2019-08-27,2019-09-09,13,16,0,0
87296,"A",2019-08-27,2019-09-16,20,42,0,0
87296,"A",2019-08-27,2019-09-23,27,268,0,0
87319,"A",2019-09-16,2019-09-29,13,262,0,0
87319,"A",2019-09-16,2019-10-05,19,24,0,0
87319,"A",2019-09-16,2019-10-09,23,20,0,0
87319,"A",2019-09-16,2019-10-25,39,75,0,0
89276,"A",NA,2019-09-06,NA,19,0,0
89738,"A",NA,2019-09-09,NA,16,0,0
92572,"A",NA,2019-08-22,NA,34,0,0
93483,"A",2019-08-10,2019-08-15,5,41,0,0
93514,"A",2019-08-01,2019-08-09,8,47,0,0
93514,"A",2019-08-01,2019-08-12,11,44,0,0
93514,"A",2019-08-01,2019-08-22,21,34,0,0
93514,"A",2019-08-01,2019-08-26,25,64,0,0
93572,"A",2019-08-17,2019-08-31,14,25,0,0
93666,"A",2019-09-23,2019-09-28,5,31,0,0
93666,"A",2019-09-23,2019-10-04,11,24,0,0
93666,"A",2019-09-23,2019-10-09,16,20,0,0
93666,"A",2019-09-23,2019-10-16,23,84,0,0
93666,"A",2019-09-23,2019-10-23,30,246,0,0
93681,"A",2019-09-26,2019-10-05,9,24,0,0
93681,"A",2019-09-26,2019-10-11,15,18,0,0
93681,"A",2019-09-26,2019-10-18,22,82,0,0
93681,"A",2019-09-26,2019-10-25,29,75,0,0
93709,"A",2019-09-13,2019-09-20,7,39,0,0
93709,"A",2019-09-13,2019-09-23,10,268,0,0
93745,"A",2019-10-15,2019-10-18,3,82,0,0
93745,"A",2019-10-15,2019-10-23,8,246,0,0
93745,"A",2019-10-15,2019-11-01,17,237,0,0
93745,"A",2019-10-15,2019-11-07,23,62,0,0
93749,"A",2019-09-05,2019-09-13,8,117,0,0
93749,"A",2019-09-05,2019-09-23,18,268,0,0
93750,"A",2019-10-01,2019-10-09,8,20,0,0
93750,"A",2019-10-01,2019-10-15,14,14,0,0
93750,"A",2019-10-01,2019-10-23,22,77,0,0
93750,"A",2019-10-01,2019-11-01,31,237,0,0
93758,"A",2019-09-30,2019-10-09,9,20,0,0
93758,"A",2019-09-30,2019-10-16,16,253,0,0
93758,"A",2019-09-30,2019-10-25,25,75,0,0
93758,"A",2019-09-30,2019-11-01,32,237,0,0
93771,"A",2019-09-04,2019-09-09,5,16,0,0
93771,"A",2019-09-04,2019-09-16,12,42,0,0
93771,"A",2019-09-04,2019-10-03,29,25,0,0
93771,"A",2019-09-04,2019-10-07,33,22,0,0
93780,"A",2019-10-05,2019-10-16,11,84,0,0
93780,"A",2019-10-05,2019-10-23,18,77,0,0
93780,"A",2019-10-05,2019-11-01,27,237,0,0
93780,"A",2019-10-05,2019-11-06,32,232,0,0
93837,"A",2019-10-06,2019-10-07,1,22,0,0
93837,"A",2019-10-06,2019-10-15,9,14,0,0
93837,"A",2019-10-06,2019-10-25,19,75,0,0
93837,"A",2019-10-06,2019-11-01,26,237,0,0
93845,"A",2019-09-18,2019-09-23,5,268,0,0
94000,"A",2019-08-28,2019-09-13,16,117,0,0
94000,"A",2019-08-28,2019-09-25,28,33,0,0
94047,"A",NA,2019-08-30,NA,26,0,0
94054,"A",2019-08-31,2019-09-13,13,117,0,0
94054,"A",2019-08-31,2019-09-20,20,39,0,0
94054,"A",2019-08-31,2019-09-30,30,28,0,0
94056,"A",2019-09-08,2019-09-09,1,16,0,0
94056,"A",2019-09-08,2019-09-16,8,42,0,0
94056,"A",2019-09-08,2019-09-29,21,262,0,0
94056,"A",2019-09-08,2019-10-04,26,24,0,0
94057,"A",2019-08-24,2019-09-02,9,23,0,0
94057,"A",2019-08-24,2019-09-14,21,116,0,0
94057,"A",2019-08-24,2019-09-16,23,42,0,0
94122,"A",2019-10-14,2019-10-18,4,82,0,0
94122,"A",2019-10-14,2019-10-23,9,77,0,0
94122,"A",2019-10-14,2019-11-01,18,237,0,0
94122,"A",2019-10-14,2019-11-06,23,232,0,0
94134,"A",2019-09-06,2019-09-09,3,16,0,0
94134,"A",2019-09-06,2019-09-22,16,37,0,0
94134,"A",2019-09-06,2019-09-28,22,31,0,0
94134,"A",2019-09-06,2019-10-05,29,24,0,0
94159,"A",2019-09-04,2019-09-07,3,18,0,0
94159,"A",2019-09-04,2019-09-23,19,268,0,0
94165,"A",2019-10-05,2019-10-16,11,84,0,0
94165,"A",2019-10-05,2019-10-23,18,77,0,0
94165,"A",2019-10-05,2019-11-01,27,237,0,0
94165,"A",2019-10-05,2019-11-06,32,232,0,0
94176,"A",2019-10-02,2019-10-09,7,20,0,0
94176,"A",2019-10-02,2019-10-15,13,14,0,0
94176,"A",2019-10-02,2019-10-23,21,77,0,0
94176,"A",2019-10-02,2019-11-06,35,232,0,0
94182,"A",2019-09-20,2019-09-29,9,262,0,0
94182,"A",2019-09-20,2019-10-07,17,22,0,0
94182,"A",2019-09-20,2019-10-16,26,253,0,0
94182,"A",2019-09-20,2019-10-25,35,75,0,0
94185,"A",2019-09-01,2019-09-07,6,18,0,0
94188,"A",2019-09-19,2019-09-29,10,262,0,0
94188,"A",2019-09-19,2019-10-09,20,20,0,0
94188,"A",2019-09-19,2019-10-16,27,84,0,0
94188,"A",2019-09-19,2019-10-23,34,246,0,0
94195,"A",NA,2019-09-09,NA,16,0,0
94197,"A",2019-09-29,2019-10-05,6,24,0,0
94197,"A",2019-09-29,2019-10-07,8,22,0,0
94197,"A",2019-09-29,2019-10-15,16,14,0,0
94197,"A",2019-09-29,2019-10-23,24,77,0,0
94202,"A",2019-10-16,2019-10-23,7,77,0,0
94202,"A",2019-10-16,2019-11-01,16,237,0,0
94202,"A",2019-10-16,2019-11-06,21,232,0,0
94202,"A",2019-10-16,2019-11-08,23,61,0,0
94212,"A",2019-08-25,2019-09-06,12,19,0,0
94212,"A",2019-08-25,2019-09-14,20,116,0,0
94212,"A",2019-08-25,2019-09-20,26,39,0,0
94212,"A",2019-08-25,2019-09-28,34,31,0,0
94223,"A",2019-08-21,2019-08-31,10,25,0,1
94223,"A",2019-08-21,2019-09-02,12,23,0,0
94223,"A",2019-08-21,2019-09-12,22,47,0,0
94223,"A",2019-08-21,2019-09-16,26,42,0,0
94243,"A",2019-08-18,2019-08-12,-6,44,0,0
94243,"A",2019-08-18,2019-08-23,5,67,0,0
94243,"A",2019-08-18,2019-08-30,12,26,0,0
94243,"A",2019-08-18,2019-09-02,15,23,0,0
94243,"A",2019-08-18,2019-09-09,22,16,0,0
94243,"A",2019-08-18,2019-09-16,29,42,0,0
94254,"A",2019-08-26,2019-08-31,5,25,0,0
94254,"A",2019-08-26,2019-09-06,11,19,0,0
94254,"A",2019-08-26,2019-09-09,14,16,0,0
94254,"A",2019-08-26,2019-09-16,21,42,0,1
94265,"A",2019-09-04,2019-09-09,5,16,0,0
94265,"A",2019-09-04,2019-09-20,16,39,0,0
94265,"A",2019-09-04,2019-09-23,19,268,0,0
94279,"A",2019-08-26,2019-08-31,5,25,0,0
94279,"A",2019-08-26,2019-09-02,7,23,0,0
94279,"A",2019-08-26,2019-09-09,14,16,0,0
94279,"A",2019-08-26,2019-09-20,25,39,0,0
94293,"A",2019-07-27,2019-08-01,5,55,0,0
94293,"A",2019-07-27,2019-08-05,9,51,0,0
94293,"A",2019-07-27,2019-08-22,26,34,0,0
95159,"A",NA,2019-09-20,NA,39,0,0
